Week,Gangbuk-gu,Gwangjin-gu,Nowon-gu,Dobong-gu,Dongdaemun-gu,Mapo-gu,Seodaemun-gu,Seongdong-gu,Seongbuk-gu,Yongsan-gu,Eunpyeong-gu,Jongno-gu,Jung-gu,Jungnang-gu,Gangnam-gu,Gangdong-gu,Gangseo-gu,Gwanak-gu,Guro-gu,Geumcheon-gu,Dongjak-gu,Seocho-gu,Songpa-gu,Yangcheon-gu,Yeongdeungpo-gu
08/4/14,0.44 ,0.03 ,0.67 ,0.76 ,0.16 ,0.11 ,0.13 ,0.02 ,0.36 ,0.00 ,0.21 ,0.14 ,0.07 ,0.55 ,0.10 ,-0.06 ,0.14 ,0.08 ,0.38 ,0.13 ,0.13 ,0.03 ,0.01 ,0.07 ,0.30 
4/21,0.37 ,0.17 ,0.64 ,0.69 ,0.31 ,0.11 ,0.28 ,0.16 ,0.35 ,0.02 ,0.23 ,0.02 ,0.20 ,0.97 ,0.06 ,-0.01 ,0.24 ,0.08 ,0.27 ,0.88 ,0.10 ,-0.01 ,-0.16 ,0.04 ,0.21 
4/28,0.24 ,0.09 ,0.52 ,0.44 ,0.03 ,0.11 ,0.21 ,0.06 ,0.20 ,0.08 ,0.27 ,0.07 ,0.16 ,0.70 ,0.10 ,-0.03 ,0.26 ,0.24 ,0.11 ,0.49 ,0.05 ,0.02 ,-0.06 ,0.03 ,0.07 
5/5,0.43 ,0.03 ,0.53 ,0.19 ,0.24 ,0.18 ,0.27 ,0.03 ,0.31 ,0.00 ,0.27 ,0.00 ,0.07 ,0.32 ,-0.01 ,-0.02 ,0.48 ,0.27 ,0.36 ,0.24 ,0.11 ,-0.02 ,-0.25 ,-0.05 ,0.13 
5/12,0.73 ,0.07 ,0.33 ,0.28 ,0.24 ,0.08 ,0.49 ,-0.02 ,0.26 ,0.14 ,0.28 ,-0.06 ,0.00 ,0.56 ,0.01 ,-0.16 ,0.37 ,0.26 ,0.37 ,0.37 ,0.02 ,-0.07 ,-0.09 ,0.00 ,0.14 
5/19,0.13 ,0.04 ,0.19 ,0.26 ,0.05 ,0.04 ,0.21 ,0.06 ,0.44 ,0.05 ,0.09 ,0.00 ,0.00 ,0.47 ,-0.03 ,-0.31 ,0.27 ,0.28 ,0.14 ,0.60 ,0.14 ,0.00 ,-0.15 ,0.02 ,0.09 
5/26,0.39 ,0.01 ,0.32 ,0.11 ,0.12 ,0.15 ,0.17 ,-0.01 ,0.33 ,0.03 ,0.14 ,0.06 ,0.00 ,0.41 ,-0.05 ,-0.45 ,0.25 ,0.11 ,0.10 ,0.23 ,0.22 ,-0.01 ,-0.10 ,0.03 ,0.14 
6/2,0.38 ,0.06 ,0.18 ,0.17 ,0.18 ,0.16 ,0.27 ,0.01 ,0.32 ,0.14 ,0.34 ,0.06 ,0.00 ,0.34 ,-0.10 ,-0.17 ,0.34 ,0.22 ,0.11 ,0.34 ,0.01 ,0.00 ,-0.16 ,0.01 ,0.13 
6/9,0.27 ,-0.02 ,0.17 ,0.31 ,0.13 ,0.07 ,0.38 ,0.03 ,0.19 ,0.02 ,0.17 ,0.13 ,0.00 ,0.01 ,-0.06 ,-0.14 ,0.10 ,0.16 ,0.08 ,0.35 ,0.09 ,-0.02 ,0.01 ,0.06 ,0.19 
6/16,0.04 ,0.00 ,0.23 ,0.14 ,0.03 ,0.12 ,0.17 ,-0.01 ,0.05 ,0.07 ,0.38 ,0.19 ,0.00 ,0.16 ,-0.06 ,-0.03 ,0.14 ,0.00 ,0.18 ,0.21 ,0.05 ,-0.05 ,-0.21 ,-0.03 ,0.04 
6/23,0.39 ,0.01 ,0.17 ,0.18 ,0.07 ,0.18 ,0.23 ,0.10 ,0.19 ,0.15 ,0.39 ,0.21 ,0.07 ,0.07 ,-0.03 ,-0.12 ,0.15 ,0.09 ,0.07 ,0.15 ,0.03 ,-0.04 ,-0.05 ,0.11 ,0.08 
6/30,0.01 ,0.04 ,0.15 ,0.03 ,0.22 ,0.11 ,0.14 ,-0.03 ,0.26 ,0.04 ,0.19 ,0.36 ,-0.07 ,0.28 ,-0.12 ,-0.09 ,0.09 ,0.13 ,0.06 ,0.32 ,-0.03 ,-0.03 ,-0.10 ,0.02 ,0.09 
7/7,0.16 ,0.00 ,0.08 ,0.05 ,0.03 ,0.06 ,0.17 ,0.01 ,0.17 ,0.04 ,0.04 ,0.24 ,-0.01 ,0.14 ,-0.16 ,-0.06 ,0.07 ,0.07 ,0.17 ,0.17 ,0.05 ,-0.08 ,-0.05 ,-0.04 ,0.09 
7/14,0.01 ,0.00 ,0.10 ,0.06 ,0.37 ,0.04 ,0.08 ,0.00 ,0.23 ,0.10 ,0.14 ,0.39 ,0.00 ,0.13 ,-0.06 ,-0.08 ,0.04 ,0.00 ,0.18 ,0.34 ,0.00 ,-0.08 ,-0.16 ,-0.07 ,0.04 
7/21,0.07 ,0.00 ,0.06 ,0.10 ,0.00 ,0.08 ,0.14 ,-0.01 ,0.10 ,0.01 ,0.03 ,0.08 ,0.00 ,0.00 ,-0.10 ,-0.10 ,0.07 ,0.07 ,0.12 ,0.11 ,0.03 ,-0.03 ,-0.05 ,-0.05 ,0.01 
7/28,0.00 ,-0.06 ,0.00 ,0.03 ,0.00 ,0.05 ,0.07 ,0.00 ,0.17 ,0.02 ,0.02 ,0.08 ,0.00 ,0.07 ,-0.06 ,-0.06 ,0.01 ,0.01 ,0.09 ,0.14 ,0.05 ,-0.03 ,-0.06 ,-0.26 ,0.03 
8/4,0.05 ,0.04 ,-0.01 ,0.00 ,0.00 ,0.05 ,0.02 ,0.00 ,0.02 ,0.05 ,0.06 ,0.22 ,0.00 ,0.07 ,-0.07 ,0.00 ,0.00 ,0.05 ,0.00 ,0.05 ,-0.06 ,-0.02 ,-0.15 ,0.00 ,0.00 
8/11,0.01 ,0.04 ,-0.04 ,0.05 ,0.00 ,0.03 ,0.07 ,-0.01 ,0.00 ,0.00 ,0.12 ,0.14 ,0.00 ,0.00 ,-0.11 ,-0.18 ,0.02 ,0.03 ,0.08 ,0.09 ,0.04 ,-0.05 ,-0.09 ,-0.14 ,0.00 
8/18,0.00 ,0.01 ,-0.03 ,0.04 ,0.00 ,0.01 ,0.07 ,0.00 ,0.01 ,0.05 ,0.12 ,0.04 ,0.00 ,0.00 ,-0.10 ,-0.03 ,0.05 ,0.02 ,0.03 ,0.07 ,0.04 ,-0.14 ,-0.10 ,-0.09 ,0.00 
8/25,0.00 ,0.00 ,0.00 ,0.00 ,0.33 ,0.13 ,0.00 ,0.02 ,0.07 ,0.06 ,0.07 ,0.08 ,0.00 ,0.15 ,-0.06 ,0.01 ,0.12 ,0.00 ,0.10 ,0.23 ,-0.01 ,-0.02 ,-0.04 ,-0.04 ,0.02 
9/1,0.00 ,0.00 ,0.02 ,0.08 ,0.12 ,-0.01 ,0.00 ,0.01 ,0.11 ,0.01 ,0.14 ,0.16 ,0.00 ,0.07 ,-0.06 ,-0.16 ,0.04 ,0.00 ,0.00 ,0.06 ,0.03 ,-0.04 ,-0.16 ,-0.08 ,-0.03 
9/8,0.00 ,-0.03 ,0.00 ,0.03 ,0.00 ,0.05 ,0.03 ,0.00 ,0.00 ,0.07 ,0.27 ,0.00 ,0.00 ,0.00 ,-0.05 ,-0.07 ,0.09 ,0.00 ,0.13 ,0.24 ,0.00 ,-0.05 ,-0.03 ,-0.15 ,-0.02 
9/15,0.08 ,0.00 ,0.00 ,0.00 ,0.00 ,0.03 ,0.00 ,0.00 ,-0.01 ,0.04 ,0.00 ,0.00 ,0.00 ,0.00 ,-0.03 ,-0.18 ,0.02 ,0.00 ,0.03 ,0.00 ,0.02 ,-0.07 ,-0.03 ,0.06 ,-0.01 
9/22,0.00 ,-0.02 ,-0.01 ,0.01 ,0.00 ,-0.10 ,-0.03 ,-0.01 ,0.00 ,0.07 ,0.15 ,0.00 ,0.00 ,0.00 ,-0.14 ,-0.15 ,-0.02 ,0.19 ,0.05 ,0.26 ,0.00 ,-0.13 ,0.00 ,-0.13 ,0.01 
9/29,0.00 ,-0.01 ,-0.03 ,-0.08 ,0.00 ,-0.02 ,0.03 ,0.04 ,0.00 ,0.01 ,0.03 ,0.00 ,-0.15 ,0.00 ,-0.07 ,-0.23 ,0.03 ,0.00 ,0.04 ,0.17 ,0.00 ,-0.01 ,-0.30 ,-0.18 ,0.07 
10/6,0.00 ,-0.14 ,-0.01 ,0.10 ,0.00 ,-0.42 ,-0.06 ,-0.05 ,-0.01 ,0.04 ,0.04 ,0.08 ,0.00 ,0.00 ,-0.32 ,-0.39 ,0.03 ,0.00 ,0.00 ,0.31 ,-0.03 ,-0.15 ,-0.35 ,-0.20 ,0.00 
10/13,0.00 ,-0.05 ,-0.03 ,-0.10 ,0.00 ,-0.18 ,0.05 ,0.00 ,-0.05 ,-0.03 ,-0.02 ,0.00 ,-0.04 ,-0.01 ,-0.50 ,-0.71 ,-0.02 ,-0.02 ,0.00 ,0.07 ,0.00 ,-0.58 ,-0.32 ,-0.41 ,-0.01 
10/20,-0.03 ,-0.35 ,-0.07 ,-0.09 ,0.00 ,-0.28 ,0.00 ,-0.02 ,-0.02 ,-0.39 ,0.02 ,-0.01 ,-0.16 ,-0.03 ,-1.02 ,-0.31 ,-0.01 ,0.00 ,0.01 ,0.00 ,0.00 ,-0.19 ,-0.64 ,-0.27 ,-0.09 
10/27,-0.06 ,-0.22 ,-0.23 ,-0.24 ,-0.01 ,-0.05 ,-0.20 ,-0.06 ,-0.07 ,-0.19 ,-0.08 ,0.07 ,-0.44 ,-0.04 ,-0.63 ,-0.75 ,-0.04 ,0.00 ,-0.01 ,0.00 ,0.00 ,-0.72 ,-0.53 ,-0.51 ,-0.01 
11/3,0.00 ,-0.15 ,-0.06 ,-0.07 ,0.00 ,-0.30 ,-0.01 ,-0.03 ,0.00 ,-0.07 ,-0.39 ,-0.07 ,0.00 ,-0.01 ,-0.30 ,-0.59 ,-0.27 ,0.00 ,-0.08 ,0.00 ,-0.04 ,-0.65 ,-0.54 ,-0.82 ,-0.01 
11/10,-0.01 ,-0.32 ,-0.22 ,-0.15 ,0.00 ,0.00 ,-0.10 ,-0.02 ,-0.22 ,-0.12 ,0.00 ,0.00 ,-0.01 ,0.00 ,-0.23 ,-0.36 ,-0.13 ,0.00 ,-0.11 ,0.00 ,0.00 ,-0.32 ,-0.74 ,-0.43 ,-0.02 
11/17,-0.01 ,-0.63 ,-0.41 ,-0.33 ,-0.03 ,-0.11 ,0.00 ,-0.23 ,-0.07 ,-0.34 ,-0.03 ,-0.05 ,0.00 ,0.00 ,-0.83 ,-0.53 ,-0.02 ,0.00 ,-0.19 ,0.00 ,-0.08 ,-0.57 ,-0.36 ,-0.43 ,-0.06 
11/24,-0.29 ,-0.23 ,-0.42 ,-0.33 ,-0.03 ,-0.22 ,0.00 ,-0.05 ,-0.14 ,-0.27 ,-0.04 ,-0.05 ,0.00 ,-0.09 ,-0.45 ,-0.84 ,-0.39 ,-0.11 ,-0.15 ,0.00 ,-0.16 ,-0.47 ,-0.48 ,-0.35 ,-0.07 
12/1,-0.06 ,-0.42 ,-0.26 ,-0.06 ,-0.03 ,-0.45 ,-0.12 ,-0.14 ,-0.05 ,-0.51 ,-0.13 ,-0.06 ,0.00 ,-0.01 ,-0.91 ,-0.83 ,-0.09 ,-0.43 ,-0.01 ,0.00 ,-0.15 ,-0.53 ,-0.61 ,-0.24 ,-0.02 
12/8,-1.18 ,-1.13 ,-0.30 ,-0.17 ,-0.11 ,-0.26 ,-0.02 ,-0.31 ,-0.25 ,-0.36 ,-0.10 ,-0.05 ,-0.33 ,-0.30 ,-0.99 ,-0.67 ,-0.34 ,-0.09 ,-0.12 ,-0.20 ,-0.70 ,-0.79 ,-0.74 ,-0.33 ,-0.27 
12/15,-0.22 ,-1.24 ,-0.29 ,-0.29 ,-0.27 ,-0.61 ,-0.23 ,-0.16 ,-0.16 ,-0.66 ,-0.11 ,-0.15 ,-0.52 ,0.00 ,-0.81 ,-0.75 ,0.05 ,-0.47 ,0.00 ,-0.06 ,-0.38 ,-0.43 ,-0.42 ,-0.77 ,-0.21 
12/22,-0.01 ,-0.34 ,-0.69 ,-0.08 ,-0.11 ,-0.45 ,-0.16 ,-0.06 ,-0.10 ,-0.47 ,-0.04 ,-0.09 ,-0.01 ,0.00 ,-0.75 ,-0.26 ,-0.55 ,-0.17 ,-0.18 ,-0.07 ,-0.34 ,-0.60 ,-2.06 ,-0.23 ,-0.02 
12/29,0.00 ,-0.22 ,-0.11 ,-0.10 ,-0.18 ,-0.24 ,-0.06 ,-0.15 ,-0.60 ,-0.01 ,-0.13 ,0.00 ,-0.49 ,-0.08 ,-0.56 ,-0.06 ,-0.13 ,-0.13 ,-0.19 ,-0.09 ,-0.59 ,-0.41 ,-0.45 ,-0.44 ,-0.45 
09/1/5,-0.21 ,-0.11 ,-0.04 ,-0.12 ,-0.05 ,-0.08 ,0.08 ,-0.04 ,-0.16 ,-0.13 ,-0.06 ,0.01 ,-0.22 ,-0.02 ,-0.17 ,0.01 ,-0.12 ,-0.11 ,-0.12 ,-0.16 ,-0.35 ,-0.52 ,-0.05 ,-0.44 ,-0.08 
1/12,-0.09 ,-0.05 ,-0.14 ,-0.26 ,0.00 ,-0.28 ,-0.01 ,-0.12 ,-0.04 ,-0.23 ,-0.03 ,0.00 ,-0.04 ,-0.07 ,0.07 ,0.58 ,0.00 ,-0.12 ,-0.19 ,0.00 ,-0.21 ,-0.36 ,0.00 ,-0.16 ,-0.03 
1/19,-0.42 ,0.07 ,-0.19 ,-0.04 ,-0.01 ,-0.09 ,-0.01 ,-0.15 ,-0.32 ,-0.22 ,-0.05 ,0.00 ,0.48 ,-0.01 ,0.17 ,0.28 ,-0.06 ,-0.02 ,-0.07 ,-0.12 ,-0.30 ,-0.33 ,0.14 ,0.06 ,0.05 
2/2,0.00 ,-0.42 ,-0.30 ,-0.19 ,-0.07 ,-0.14 ,-0.19 ,-0.15 ,-0.02 ,0.09 ,0.04 ,-0.14 ,0.00 ,-0.07 ,0.46 ,0.21 ,0.02 ,-0.08 ,-0.06 ,-0.18 ,-0.33 ,-0.07 ,0.49 ,0.36 ,-0.05 
2/9,-0.09 ,0.06 ,-0.78 ,-0.26 ,-0.21 ,0.05 ,-0.05 ,0.00 ,-0.05 ,-0.15 ,0.00 ,-0.04 ,0.07 ,-0.09 ,0.00 ,0.05 ,-0.17 ,-0.03 ,-0.05 ,0.00 ,-0.01 ,-0.13 ,0.04 ,0.17 ,-0.01 
2/16,0.00 ,0.11 ,-0.13 ,-0.14 ,0.00 ,0.09 ,0.01 ,0.02 ,-0.40 ,0.03 ,-0.10 ,0.00 ,0.00 ,-0.11 ,0.24 ,0.33 ,0.02 ,0.00 ,-0.36 ,-0.19 ,-0.08 ,0.02 ,0.23 ,0.28 ,-0.03 
2/23,0.00 ,-0.18 ,-0.11 ,0.01 ,0.00 ,0.01 ,0.00 ,-0.01 ,-0.06 ,-0.06 ,-0.11 ,0.00 ,0.03 ,0.00 ,0.01 ,0.45 ,0.01 ,0.00 ,-0.16 ,0.00 ,-0.13 ,0.18 ,0.17 ,0.06 ,-0.03 
3/2,0.00 ,0.17 ,0.00 ,-0.89 ,0.00 ,-0.04 ,0.00 ,-0.01 ,-0.08 ,-0.06 ,-0.15 ,0.17 ,0.07 ,-0.05 ,-0.03 ,0.05 ,-0.07 ,-0.02 ,-0.12 ,-0.54 ,-0.29 ,-0.09 ,-0.10 ,0.22 ,-0.02 
3/9,-0.41 ,0.00 ,-0.10 ,-0.18 ,0.01 ,0.01 ,-0.03 ,-0.03 ,-0.11 ,-0.15 ,-0.07 ,0.00 ,0.00 ,-0.15 ,-0.06 ,0.00 ,0.00 ,-0.05 ,-0.28 ,-0.10 ,-0.14 ,-0.03 ,-0.23 ,-0.01 ,-0.22 
3/16,-0.28 ,0.00 ,-0.20 ,-0.58 ,0.00 ,-0.05 ,-0.01 ,0.01 ,-0.08 ,-0.13 ,-0.09 ,0.00 ,0.00 ,-0.03 ,0.05 ,-0.02 ,0.04 ,-0.27 ,0.01 ,-0.18 ,0.00 ,-0.09 ,-0.18 ,-0.01 ,-0.07 
3/23,-0.05 ,0.00 ,-0.14 ,0.00 ,0.00 ,-0.06 ,-0.04 ,-0.01 ,-0.02 ,-0.09 ,-0.26 ,0.28 ,0.00 ,0.00 ,0.17 ,-0.04 ,-0.07 ,-0.08 ,-0.08 ,-0.11 ,0.00 ,0.01 ,0.10 ,-0.01 ,0.19 
3/30,-0.01 ,0.00 ,-0.04 ,-0.01 ,0.00 ,-0.06 ,-0.07 ,-0.12 ,-0.02 ,0.00 ,-0.01 ,0.00 ,0.00 ,-0.04 ,0.11 ,0.78 ,0.04 ,-0.02 ,-0.02 ,-0.13 ,-0.05 ,0.29 ,0.04 ,0.18 ,0.06 
4/6,-0.01 ,0.07 ,-0.08 ,-0.17 ,0.00 ,0.52 ,-0.01 ,0.22 ,-0.11 ,0.05 ,0.00 ,0.07 ,0.07 ,-0.05 ,0.34 ,0.63 ,-0.05 ,-0.18 ,0.02 ,0.11 ,-0.05 ,0.54 ,0.17 ,0.06 ,0.02 
4/13,-0.07 ,0.13 ,0.03 ,0.00 ,0.00 ,0.27 ,-0.08 ,0.08 ,0.00 ,0.08 ,0.00 ,0.55 ,0.08 ,-0.05 ,0.39 ,0.89 ,0.06 ,0.00 ,0.01 ,0.01 ,0.04 ,0.57 ,0.35 ,0.84 ,0.08 
4/20,0.02 ,0.06 ,-0.02 ,-0.23 ,0.04 ,0.36 ,-0.21 ,0.02 ,-0.02 ,0.05 ,0.00 ,0.08 ,0.08 ,0.02 ,0.08 ,0.11 ,-0.04 ,-0.03 ,-0.01 ,0.01 ,0.00 ,0.14 ,0.14 ,0.37 ,0.08 
4/27,-0.08 ,0.00 ,-0.10 ,-0.02 ,0.00 ,0.13 ,-0.01 ,0.07 ,-0.01 ,0.02 ,0.00 ,0.00 ,0.09 ,-0.01 ,0.02 ,0.19 ,0.11 ,-0.04 ,-0.04 ,0.00 ,0.07 ,-0.05 ,0.13 ,0.31 ,-0.01 
5/4,0.01 ,0.00 ,0.00 ,0.00 ,0.01 ,0.11 ,-0.05 ,0.00 ,-0.02 ,0.11 ,-0.02 ,0.06 ,0.00 ,-0.08 ,0.04 ,0.02 ,0.00 ,0.03 ,-0.02 ,0.00 ,0.05 ,0.07 ,0.01 ,0.16 ,0.18 
5/11,0.00 ,-0.21 ,0.08 ,0.00 ,0.00 ,-0.01 ,0.00 ,-0.16 ,-0.04 ,0.00 ,0.04 ,0.00 ,0.30 ,-0.04 ,0.10 ,-0.02 ,0.12 ,0.03 ,0.03 ,0.00 ,0.00 ,0.15 ,0.04 ,0.41 ,0.10 
5/18,-0.04 ,-0.10 ,-0.02 ,0.11 ,0.01 ,0.24 ,-0.10 ,0.00 ,0.08 ,-0.04 ,0.00 ,0.09 ,0.00 ,0.00 ,0.11 ,0.05 ,-0.05 ,0.10 ,0.01 ,0.00 ,0.04 ,0.01 ,0.31 ,0.23 ,0.00 
5/25,0.00 ,-0.06 ,0.04 ,0.04 ,0.00 ,0.16 ,-0.10 ,0.05 ,-0.02 ,-0.05 ,0.00 ,0.03 ,0.17 ,0.00 ,0.11 ,0.01 ,0.08 ,0.00 ,0.00 ,0.02 ,0.01 ,0.04 ,0.11 ,0.23 ,0.06 
6/1,0.00 ,0.03 ,0.00 ,0.06 ,0.12 ,0.24 ,0.03 ,0.08 ,0.10 ,0.13 ,0.02 ,0.01 ,0.20 ,0.01 ,0.20 ,0.09 ,0.01 ,0.05 ,0.17 ,0.00 ,0.08 ,0.22 ,0.07 ,0.21 ,0.21 
6/8,-0.03 ,0.00 ,0.09 ,0.07 ,0.01 ,0.20 ,-0.04 ,0.00 ,0.00 ,0.15 ,0.03 ,0.05 ,0.07 ,-0.16 ,0.09 ,0.13 ,0.17 ,0.04 ,0.03 ,0.00 ,0.00 ,0.10 ,0.25 ,0.10 ,0.08 
6/15,-0.06 ,0.04 ,0.46 ,0.03 ,0.02 ,0.10 ,0.10 ,-0.01 ,0.07 ,0.05 ,0.04 ,0.00 ,0.02 ,0.04 ,0.57 ,0.32 ,0.14 ,0.00 ,0.06 ,0.00 ,-0.03 ,0.25 ,0.36 ,0.15 ,0.54 
6/22,0.01 ,0.04 ,0.26 ,0.29 ,0.00 ,0.20 ,-0.13 ,0.00 ,0.09 ,0.34 ,-0.06 ,-0.03 ,0.17 ,0.02 ,0.41 ,0.65 ,-0.12 ,0.00 ,0.08 ,0.00 ,0.00 ,0.26 ,0.36 ,0.16 ,0.19 
6/29,-0.08 ,0.18 ,0.51 ,0.48 ,0.01 ,0.17 ,0.00 ,0.00 ,0.11 ,0.15 ,0.04 ,0.01 ,0.19 ,-0.02 ,0.26 ,0.46 ,0.20 ,0.07 ,0.16 ,-0.09 ,0.08 ,0.56 ,0.53 ,0.30 ,0.20 
7/6,0.00 ,0.18 ,0.50 ,0.45 ,0.02 ,0.00 ,0.02 ,0.00 ,0.08 ,-0.01 ,0.05 ,-0.09 ,0.15 ,0.00 ,0.46 ,0.52 ,0.15 ,0.02 ,0.06 ,0.00 ,0.11 ,0.80 ,0.75 ,0.31 ,0.26 
7/13,0.08 ,0.08 ,0.14 ,0.08 ,0.00 ,0.40 ,-0.04 ,0.00 ,0.05 ,0.13 ,0.03 ,0.05 ,0.00 ,0.01 ,0.44 ,0.11 ,0.12 ,0.01 ,0.04 ,-0.17 ,0.00 ,0.38 ,0.21 ,0.33 ,0.04 
7/20,-0.12 ,0.05 ,0.19 ,0.24 ,-0.07 ,0.15 ,0.00 ,0.05 ,0.00 ,0.09 ,-0.01 ,0.07 ,0.00 ,0.02 ,0.17 ,0.26 ,0.00 ,0.00 ,-0.03 ,-0.13 ,-0.01 ,0.34 ,0.24 ,0.07 ,0.09 
7/27,-0.03 ,0.06 ,0.10 ,0.06 ,0.00 ,0.31 ,0.03 ,0.09 ,0.15 ,0.03 ,-0.12 ,0.00 ,0.00 ,0.00 ,0.22 ,0.24 ,0.08 ,0.00 ,0.14 ,0.00 ,0.17 ,0.21 ,0.13 ,0.14 ,0.05 
8/3,0.20 ,0.12 ,0.17 ,0.07 ,-0.01 ,0.00 ,0.07 ,0.00 ,-0.06 ,-0.01 ,0.10 ,0.08 ,0.00 ,0.00 ,0.08 ,0.27 ,0.00 ,0.02 ,0.00 ,-0.09 ,0.15 ,0.24 ,0.16 ,0.00 ,0.00 
8/10,0.35 ,0.14 ,0.16 ,0.31 ,0.13 ,0.22 ,0.04 ,0.00 ,0.15 ,0.05 ,0.04 ,0.02 ,0.00 ,0.16 ,0.44 ,0.60 ,0.14 ,0.08 ,0.14 ,-0.12 ,0.16 ,0.28 ,0.32 ,0.18 ,0.19 
8/17,0.27 ,0.08 ,0.15 ,0.14 ,0.28 ,0.24 ,0.00 ,0.15 ,0.11 ,0.13 ,0.09 ,0.01 ,0.14 ,0.01 ,0.33 ,0.67 ,0.21 ,0.04 ,0.02 ,0.13 ,0.21 ,0.17 ,0.12 ,0.18 ,0.04 
8/24,0.02 ,0.20 ,0.19 ,0.12 ,0.53 ,0.13 ,0.44 ,0.02 ,0.31 ,0.12 ,0.10 ,0.00 ,0.35 ,0.07 ,0.42 ,0.61 ,0.11 ,0.20 ,0.12 ,0.16 ,0.20 ,0.66 ,0.34 ,0.24 ,0.22 
8/31,0.03 ,0.43 ,0.35 ,0.51 ,0.24 ,0.31 ,0.09 ,0.17 ,0.16 ,0.31 ,0.04 ,0.15 ,0.18 ,0.02 ,0.52 ,0.52 ,0.14 ,0.43 ,0.05 ,0.50 ,0.26 ,0.41 ,0.56 ,0.48 ,0.34 
9/7,0.05 ,0.00 ,0.23 ,0.13 ,0.12 ,0.17 ,0.53 ,0.03 ,0.20 ,0.10 ,0.20 ,0.85 ,0.26 ,0.05 ,0.20 ,0.21 ,0.17 ,0.08 ,0.03 ,0.66 ,0.37 ,0.54 ,0.22 ,0.32 ,0.40 
9/14,0.08 ,0.03 ,0.19 ,0.22 ,0.14 ,0.14 ,0.16 ,-0.01 ,0.35 ,0.14 ,0.09 ,0.14 ,0.14 ,0.23 ,0.32 ,0.14 ,0.09 ,0.07 ,0.13 ,0.36 ,0.02 ,0.14 ,0.14 ,0.28 ,0.24 
9/21,0.18 ,0.05 ,0.41 ,0.11 ,-0.01 ,0.14 ,0.24 ,0.04 ,0.00 ,0.17 ,0.19 ,0.05 ,0.08 ,0.15 ,0.16 ,0.09 ,0.27 ,0.18 ,0.07 ,0.29 ,0.00 ,0.16 ,0.31 ,0.13 ,0.17 
9/28,0.00 ,0.00 ,0.06 ,0.18 ,0.04 ,0.44 ,0.07 ,-0.02 ,0.03 ,0.13 ,0.00 ,0.12 ,0.00 ,0.08 ,0.06 ,0.02 ,0.04 ,0.14 ,0.03 ,0.32 ,0.01 ,0.15 ,0.07 ,0.09 ,0.03 
10/5,0.00 ,0.01 ,0.08 ,0.12 ,0.00 ,0.01 ,0.00 ,0.00 ,0.05 ,0.00 ,0.01 ,0.41 ,0.00 ,0.06 ,0.09 ,0.01 ,0.02 ,0.01 ,0.21 ,0.20 ,0.00 ,0.03 ,0.11 ,0.01 ,0.25 
10/12,0.00 ,0.08 ,0.01 ,0.02 ,-0.01 ,0.31 ,0.05 ,0.00 ,0.03 ,0.05 ,0.04 ,0.13 ,0.00 ,0.00 ,-0.01 ,-0.08 ,0.05 ,0.00 ,0.00 ,0.00 ,0.01 ,0.04 ,0.12 ,0.00 ,0.00 
10/19,0.00 ,0.25 ,0.04 ,0.20 ,0.05 ,0.01 ,0.05 ,0.01 ,-0.03 ,0.02 ,0.05 ,-0.06 ,0.04 ,0.00 ,0.08 ,-0.07 ,0.00 ,0.01 ,0.03 ,0.03 ,0.00 ,0.15 ,0.00 ,0.06 ,0.00 
10/26,0.03 ,0.24 ,0.01 ,-0.01 ,0.00 ,-0.07 ,-0.02 ,0.00 ,0.05 ,0.08 ,-0.07 ,0.00 ,-0.13 ,0.00 ,-0.12 ,0.00 ,0.00 ,0.00 ,0.01 ,0.28 ,-0.01 ,0.13 ,-0.05 ,0.04 ,0.00 
11/2,0.02 ,0.08 ,0.01 ,-0.02 ,-0.01 ,0.01 ,-0.03 ,0.00 ,0.05 ,0.09 ,-0.13 ,0.00 ,-0.05 ,-0.01 ,-0.03 ,-0.04 ,0.01 ,0.14 ,0.05 ,0.03 ,0.00 ,0.08 ,-0.02 ,-0.02 ,0.13 
11/9,0.00 ,0.00 ,-0.05 ,-0.12 ,-0.04 ,0.02 ,0.00 ,0.00 ,0.00 ,0.07 ,-0.04 ,0.00 ,-0.03 ,0.00 ,-0.10 ,-0.20 ,-0.01 ,0.00 ,-0.01 ,0.07 ,-0.01 ,0.00 ,-0.02 ,0.01 ,0.02 
11/16,0.05 ,0.01 ,-0.03 ,-0.19 ,0.00 ,-0.02 ,0.01 ,0.06 ,-0.06 ,0.02 ,0.00 ,0.00 ,0.00 ,0.00 ,-0.11 ,-0.27 ,-0.01 ,-0.05 ,-0.03 ,0.07 ,-0.05 ,0.01 ,-0.11 ,-0.07 ,0.00 
11/23,0.01 ,0.00 ,-0.01 ,-0.01 ,0.00 ,0.02 ,0.01 ,0.00 ,0.00 ,0.09 ,-0.26 ,0.02 ,0.00 ,0.15 ,-0.02 ,-0.05 ,-0.01 ,-0.01 ,0.00 ,0.06 ,0.00 ,-0.02 ,0.00 ,0.01 ,0.00 
11/30,0.01 ,0.03 ,-0.02 ,-0.01 ,0.00 ,-0.05 ,0.01 ,0.00 ,-0.04 ,0.01 ,0.00 ,0.00 ,0.00 ,0.17 ,-0.11 ,0.01 ,-0.01 ,0.00 ,0.01 ,0.06 ,0.00 ,-0.01 ,-0.02 ,-0.06 ,0.03 
12/7,0.01 ,0.00 ,0.04 ,-0.02 ,0.00 ,-0.16 ,0.00 ,0.00 ,-0.03 ,0.04 ,-0.05 ,0.00 ,0.00 ,0.00 ,0.03 ,-0.01 ,-0.02 ,-0.03 ,0.00 ,0.06 ,0.00 ,-0.04 ,-0.02 ,-0.04 ,0.00 
12/14,-0.01 ,0.00 ,0.01 ,-0.01 ,0.02 ,-0.04 ,0.00 ,0.00 ,-0.03 ,0.04 ,-0.02 ,0.05 ,0.00 ,0.00 ,0.01 ,0.02 ,-0.03 ,-0.10 ,0.01 ,0.00 ,0.00 ,-0.02 ,0.00 ,-0.02 ,0.01 
12/21,0.02 ,0.00 ,0.01 ,-0.01 ,0.00 ,-0.03 ,-0.02 ,0.00 ,0.00 ,0.00 ,0.00 ,0.04 ,-0.03 ,0.00 ,0.00 ,0.13 ,-0.01 ,0.00 ,-0.01 ,-0.04 ,0.00 ,0.00 ,-0.02 ,-0.02 ,0.00 
12/28,0.01 ,0.00 ,-0.12 ,-0.03 ,0.06 ,0.15 ,-0.04 ,0.01 ,0.00 ,0.02 ,0.00 ,0.00 ,-0.03 ,0.00 ,0.00 ,0.25 ,0.00 ,0.10 ,0.00 ,-0.34 ,0.01 ,0.09 ,0.00 ,0.02 ,0.10 
10/1/4,0.00 ,0.00 ,0.00 ,-0.01 ,0.06 ,-0.04 ,0.02 ,0.00 ,0.00 ,0.00 ,0.00 ,0.00 ,-0.03 ,0.00 ,0.06 ,0.14 ,-0.02 ,0.00 ,0.00 ,0.00 ,0.00 ,0.04 ,0.04 ,0.00 ,0.17 
1/11,0.03 ,0.10 ,-0.01 ,-0.02 ,0.01 ,0.03 ,0.01 ,0.00 ,0.03 ,-0.01 ,0.00 ,0.10 ,0.00 ,0.00 ,0.08 ,0.37 ,-0.01 ,0.00 ,0.01 ,0.00 ,0.03 ,0.19 ,0.16 ,0.04 ,0.01 
1/18,0.01 ,0.04 ,-0.03 ,-0.02 ,0.00 ,0.07 ,0.04 ,-0.01 ,0.02 ,0.01 ,-0.05 ,0.00 ,0.00 ,0.00 ,0.06 ,0.14 ,0.02 ,0.00 ,0.00 ,0.03 ,0.00 ,0.11 ,0.08 ,0.06 ,0.00 
1/25,0.00 ,0.08 ,0.01 ,-0.01 ,0.01 ,0.05 ,0.05 ,0.00 ,0.01 ,0.01 ,0.02 ,0.01 ,0.45 ,0.10 ,0.13 ,0.29 ,0.02 ,0.00 ,0.09 ,0.03 ,0.00 ,0.44 ,0.12 ,0.21 ,0.01 
2/1,0.00 ,0.08 ,0.00 ,0.01 ,0.00 ,0.00 ,-0.01 ,0.11 ,0.00 ,0.02 ,0.01 ,0.09 ,0.00 ,0.00 ,0.07 ,0.14 ,0.00 ,0.16 ,0.00 ,0.00 ,0.01 ,0.33 ,0.10 ,0.06 ,0.09 
2/8,0.10 ,0.12 ,0.00 ,0.03 ,0.00 ,0.00 ,0.01 ,0.01 ,0.00 ,0.03 ,0.00 ,0.07 ,0.00 ,0.05 ,0.08 ,0.18 ,0.10 ,0.03 ,0.02 ,0.03 ,0.00 ,0.15 ,0.10 ,0.00 ,0.34 
2/15,0.02 ,0.00 ,0.05 ,0.00 ,0.00 ,0.01 ,0.00 ,0.00 ,0.00 ,0.00 ,0.00 ,0.00 ,0.00 ,-0.03 ,0.05 ,0.00 ,0.00 ,0.04 ,0.01 ,0.03 ,0.02 ,0.14 ,0.08 ,0.00 ,0.04 
2/22,0.11 ,0.02 ,0.01 ,-0.03 ,0.04 ,-0.02 ,0.03 ,0.01 ,0.00 ,0.05 ,-0.29 ,0.09 ,0.00 ,0.00 ,0.04 ,0.03 ,-0.04 ,0.03 ,0.00 ,0.03 ,0.02 ,0.10 ,0.10 ,0.01 ,0.05 
3/1,0.09 ,0.03 ,-0.05 ,0.00 ,0.00 ,0.04 ,-0.03 ,0.00 ,-0.10 ,0.05 ,-0.01 ,-0.04 ,0.00 ,0.00 ,0.04 ,0.01 ,0.04 ,-0.02 ,-0.04 ,-0.01 ,0.07 ,0.06 ,-0.02 ,0.00 ,-0.13 
3/8,0.00 ,0.05 ,0.00 ,-0.01 ,0.00 ,0.09 ,0.05 ,0.05 ,-0.08 ,0.04 ,0.00 ,0.00 ,0.00 ,-0.01 ,-0.01 ,0.04 ,-0.04 ,-0.11 ,0.00 ,0.10 ,0.02 ,-0.01 ,0.02 ,0.00 ,-0.04 
3/15,0.00 ,0.05 ,-0.13 ,0.00 ,0.09 ,0.00 ,-0.05 ,0.03 ,-0.02 ,0.00 ,-0.05 ,0.00 ,0.18 ,0.00 ,-0.01 ,-0.07 ,-0.38 ,0.00 ,0.02 ,0.10 ,0.04 ,0.00 ,0.03 ,0.00 ,-0.02 
3/22,-0.14 ,0.02 ,-0.11 ,-0.07 ,0.00 ,-0.03 ,-0.02 ,0.00 ,-0.13 ,0.01 ,0.03 ,0.00 ,0.00 ,0.00 ,0.12 ,-0.08 ,-0.04 ,-0.01 ,0.01 ,0.09 ,0.07 ,0.00 ,-0.01 ,-0.09 ,-0.03 
3/29,-0.08 ,0.00 ,-0.25 ,-0.02 ,0.04 ,0.00 ,0.03 ,0.00 ,0.01 ,0.04 ,-0.02 ,0.00 ,0.00 ,0.00 ,-0.02 ,0.04 ,-0.02 ,0.00 ,0.00 ,0.10 ,0.00 ,-0.01 ,-0.03 ,-0.03 ,0.00 
4/5,0.00 ,-0.02 ,-0.12 ,-0.01 ,0.02 ,-0.05 ,0.02 ,0.00 ,0.00 ,0.02 ,-0.08 ,-0.05 ,0.00 ,0.00 ,-0.08 ,0.00 ,-0.07 ,-0.20 ,0.01 ,0.07 ,0.00 ,0.00 ,-0.02 ,-0.09 ,0.01 
4/12,-0.12 ,0.00 ,-0.22 ,-0.05 ,0.00 ,-0.01 ,0.00 ,-0.06 ,-0.06 ,-0.09 ,-0.03 ,-0.03 ,-0.03 ,-0.02 ,-0.06 ,-0.32 ,-0.04 ,0.00 ,0.00 ,-0.02 ,0.00 ,-0.09 ,-0.05 ,-0.02 ,-0.01 
4/19,-0.26 ,-0.01 ,-0.27 ,-0.04 ,-0.03 ,-0.07 ,0.00 ,0.00 ,-0.05 ,0.01 ,-0.09 ,-0.01 ,-0.07 ,-0.04 ,-0.13 ,-0.28 ,-0.11 ,0.00 ,-0.06 ,0.00 ,-0.02 ,-0.02 ,-0.07 ,-0.02 ,0.01 
4/26,-0.18 ,0.00 ,-0.07 ,-0.20 ,0.03 ,-0.12 ,-0.01 ,-0.05 ,-0.14 ,0.02 ,0.00 ,-0.02 ,-0.10 ,-0.01 ,-0.17 ,-0.22 ,-0.01 ,-0.21 ,-0.03 ,-0.11 ,-0.04 ,-0.09 ,-0.16 ,-0.10 ,0.02 
5/3,-0.04 ,-0.01 ,-0.15 ,-0.03 ,0.00 ,-0.07 ,0.01 ,-0.05 ,0.00 ,-0.11 ,0.03 ,-0.06 ,-0.02 ,0.00 ,-0.09 ,-0.30 ,-0.12 ,-0.12 ,0.03 ,0.00 ,0.00 ,-0.06 ,-0.12 ,-0.13 ,-0.12 
5/10,-0.03 ,-0.01 ,-0.05 ,-0.12 ,-0.02 ,0.01 ,-0.03 ,0.00 ,-0.31 ,0.00 ,-0.07 ,0.00 ,-0.01 ,0.00 ,-0.29 ,-0.08 ,-0.26 ,0.00 ,0.04 ,-0.11 ,-0.02 ,-0.19 ,-0.10 ,-0.16 ,0.01 
5/17,-0.23 ,-0.05 ,-0.25 ,-0.20 ,0.00 ,-0.10 ,-0.02 ,-0.22 ,-0.31 ,0.00 ,0.03 ,0.01 ,-0.03 ,-0.02 ,-0.19 ,-0.04 ,-0.07 ,-0.14 ,-0.01 ,-0.02 ,0.04 ,-0.07 ,-0.15 ,-0.09 ,-0.02 
5/24,-0.02 ,-0.04 ,-0.19 ,-0.42 ,0.00 ,0.00 ,-0.03 ,0.00 ,-0.31 ,-0.03 ,-0.13 ,0.01 ,-0.11 ,-0.03 ,-0.11 ,-0.11 ,-0.14 ,-0.13 ,-0.09 ,-0.05 ,-0.16 ,-0.09 ,-0.10 ,-0.11 ,-0.07 
5/31,-0.07 ,-0.01 ,-0.15 ,-0.36 ,0.00 ,0.05 ,-0.03 ,-0.17 ,-0.10 ,-0.04 ,-0.04 ,0.00 ,-0.06 ,-0.03 ,-0.03 ,-0.01 ,-0.11 ,-0.12 ,-0.06 ,-0.10 ,-0.10 ,-0.15 ,-0.12 ,-0.08 ,-0.08 
6/7,-0.20 ,-0.04 ,-0.12 ,-0.34 ,0.00 ,0.04 ,-0.06 ,0.00 ,0.00 ,-0.03 ,-0.14 ,0.00 ,-0.06 ,0.00 ,-0.16 ,-0.09 ,-0.05 ,-0.03 ,-0.04 ,-0.05 ,0.00 ,-0.13 ,-0.19 ,-0.06 ,-0.27 
6/14,-0.03 ,-0.03 ,-0.20 ,-0.18 ,-0.34 ,0.00 ,-0.06 ,0.00 ,0.00 ,-0.34 ,-0.67 ,0.00 ,-0.01 ,-0.01 ,-0.09 ,-0.19 ,-0.12 ,0.00 ,-0.02 ,-0.17 ,0.00 ,-0.09 ,-0.14 ,-0.19 ,-0.48 
6/21,-0.09 ,-0.05 ,-0.04 ,-0.29 ,-0.04 ,-0.54 ,0.00 ,-0.04 ,-0.04 ,-0.08 ,-0.33 ,-0.01 ,-0.06 ,0.02 ,-0.05 ,-0.08 ,-0.36 ,-0.05 ,-0.14 ,-0.48 ,0.00 ,-0.04 ,-0.13 ,-0.38 ,-0.04 
6/28,-0.42 ,0.00 ,-0.29 ,-0.06 ,-0.05 ,-0.32 ,-0.05 ,-0.07 ,-0.06 ,-0.21 ,-0.19 ,-0.06 ,-0.03 ,0.04 ,-0.14 ,-0.12 ,-0.15 ,-0.22 ,-0.29 ,0.00 ,0.00 ,-0.07 ,0.00 ,-0.33 ,-0.25 
7/5,-0.04 ,-0.08 ,-0.02 ,-0.06 ,-0.16 ,-0.05 ,-0.06 ,-0.02 ,-0.03 ,-0.06 ,-0.40 ,-0.04 ,0.07 ,-0.04 ,0.00 ,-0.14 ,-0.07 ,0.00 ,-0.18 ,-0.04 ,-0.03 ,-0.04 ,-0.08 ,-0.20 ,-0.47 
7/12,-0.01 ,-0.03 ,-0.22 ,-0.59 ,-0.01 ,-0.22 ,-0.04 ,-0.09 ,-0.25 ,-0.09 ,-0.14 ,-0.09 ,-0.28 ,-0.01 ,-0.06 ,-0.08 ,-0.29 ,-0.04 ,-0.05 ,-0.01 ,-0.02 ,-0.03 ,-0.11 ,-0.31 ,-0.22 
7/19,0.00 ,-0.08 ,-0.15 ,-0.56 ,-0.03 ,-0.03 ,-0.23 ,0.00 ,-0.11 ,-0.35 ,-0.25 ,0.00 ,-0.08 ,-0.02 ,-0.14 ,-0.14 ,-0.17 ,0.00 ,-0.08 ,-0.29 ,-0.06 ,-0.10 ,-0.21 ,-0.18 ,-0.18 
7/26,0.00 ,-0.04 ,-0.12 ,-0.22 ,0.00 ,-0.14 ,-0.05 ,-0.03 ,-0.12 ,-0.07 ,-0.04 ,-0.02 ,-0.03 ,-0.07 ,-0.05 ,-0.16 ,-0.07 ,-0.04 ,-0.12 ,-0.13 ,0.00 ,0.02 ,-0.15 ,-0.11 ,0.02 
8/2,0.00 ,0.00 ,-0.02 ,0.00 ,-0.02 ,0.09 ,-0.26 ,0.00 ,-0.04 ,-0.04 ,-0.11 ,-0.32 ,-0.11 ,-0.02 ,-0.24 ,-0.01 ,0.00 ,-0.09 ,0.00 ,-0.08 ,-0.02 ,-0.03 ,-0.02 ,-0.11 ,-0.14 
8/9,0.00 ,0.00 ,-0.06 ,-0.28 ,-0.06 ,0.00 ,-0.02 ,-0.01 ,-0.11 ,-0.06 ,-0.20 ,0.00 ,-0.04 ,-0.07 ,-0.08 ,-0.22 ,-0.09 ,-0.11 ,-0.02 ,0.00 ,0.00 ,-0.01 ,-0.12 ,-0.50 ,-0.11 
8/16,0.00 ,-0.08 ,-0.13 ,-0.13 ,0.00 ,-0.05 ,-0.01 ,0.00 ,-0.08 ,-0.08 ,0.00 ,-0.08 ,0.00 ,0.00 ,-0.09 ,-0.04 ,-0.09 ,0.00 ,0.00 ,-0.02 ,0.00 ,0.01 ,-0.20 ,-0.08 ,-0.04 
8/23,0.00 ,0.01 ,-0.49 ,-0.29 ,0.00 ,-0.03 ,0.00 ,0.00 ,0.00 ,-0.14 ,-0.46 ,0.10 ,-0.06 ,-0.08 ,-0.08 ,-0.10 ,-0.14 ,-0.02 ,-0.11 ,-0.18 ,-0.02 ,-0.05 ,-0.10 ,-0.05 ,-0.18 
8/30,0.00 ,-0.04 ,-0.02 ,-0.02 ,-0.04 ,-0.15 ,-0.02 ,0.00 ,-0.04 ,-0.02 ,-0.05 ,0.03 ,0.00 ,0.00 ,-0.01 ,-0.03 ,-0.08 ,0.00 ,-0.06 ,0.00 ,-0.05 ,-0.02 ,-0.15 ,0.02 ,-0.06 
9/6,0.00 ,-0.01 ,-0.06 ,-0.02 ,-0.01 ,-0.06 ,0.05 ,-0.01 ,-0.06 ,-0.14 ,-0.13 ,-0.02 ,-0.06 ,0.04 ,-0.03 ,0.00 ,-0.10 ,-0.06 ,-0.02 ,-0.15 ,-0.03 ,-0.03 ,-0.05 ,-0.01 ,0.01 
9/13,0.00 ,0.00 ,-0.14 ,-0.02 ,0.00 ,0.00 ,-0.05 ,0.00 ,-0.02 ,-0.03 ,-0.12 ,-0.06 ,-0.02 ,0.03 ,-0.02 ,-0.01 ,-0.06 ,0.00 ,-0.01 ,0.00 ,-0.05 ,-0.02 ,-0.15 ,-0.04 ,0.00 
9/27,0.00 ,-0.04 ,-0.11 ,-0.02 ,0.00 ,0.01 ,0.00 ,0.00 ,-0.10 ,-0.12 ,-0.01 ,-0.06 ,0.00 ,-0.02 ,0.02 ,-0.01 ,-0.17 ,-0.02 ,-0.13 ,0.00 ,-0.07 ,0.00 ,-0.10 ,-0.04 ,-0.07 
10/4,-0.50 ,-0.12 ,-0.15 ,-0.19 ,-0.03 ,-0.02 ,0.00 ,-0.06 ,-0.01 ,0.00 ,-0.17 ,0.06 ,0.05 ,0.00 ,-0.05 ,-0.11 ,-0.16 ,0.00 ,-0.04 ,-0.16 ,-0.03 ,-0.04 ,-0.09 ,-0.06 ,-0.06 
10/11,0.00 ,0.00 ,-0.12 ,-0.04 ,0.00 ,-0.07 ,-0.08 ,-0.20 ,0.00 ,-0.09 ,-0.07 ,0.00 ,0.00 ,0.00 ,-0.05 ,-0.04 ,-0.04 ,0.00 ,-0.06 ,0.00 ,0.00 ,-0.04 ,-0.01 ,-0.02 ,-0.03 
10/18,0.00 ,-0.07 ,0.02 ,-0.07 ,-0.04 ,0.05 ,-0.02 ,-0.08 ,0.01 ,-0.09 ,-0.16 ,0.05 ,0.00 ,0.00 ,0.02 ,0.14 ,-0.04 ,-0.02 ,-0.15 ,-0.39 ,-0.01 ,-0.03 ,-0.04 ,-0.04 ,0.03 
10/25,-0.13 ,-0.27 ,-0.03 ,-0.09 ,-0.12 ,0.04 ,-0.05 ,-0.02 ,-0.02 ,-0.12 ,-0.05 ,-0.04 ,0.00 ,0.01 ,-0.07 ,0.06 ,0.04 ,-0.04 ,-0.09 ,-0.35 ,-0.14 ,0.04 ,-0.04 ,-0.02 ,-0.03 
11/1,-0.27 ,0.00 ,0.01 ,0.00 ,0.00 ,0.00 ,-0.10 ,-0.13 ,-0.01 ,-0.11 ,-0.05 ,0.00 ,0.00 ,-0.04 ,-0.06 ,-0.05 ,0.00 ,0.00 ,-0.06 ,0.00 ,-0.10 ,-0.12 ,-0.02 ,-0.01 ,0.01 
11/8,-0.03 ,-0.10 ,0.00 ,0.01 ,0.00 ,-0.01 ,-0.03 ,-0.01 ,0.00 ,-0.16 ,0.07 ,0.00 ,0.00 ,0.05 ,-0.02 ,0.14 ,-0.02 ,-0.03 ,-0.06 ,-0.09 ,-0.15 ,-0.01 ,0.00 ,-0.03 ,-0.08 
11/15,-0.03 ,-0.02 ,-0.06 ,0.03 ,0.08 ,-0.01 ,0.00 ,-0.01 ,0.00 ,-0.08 ,0.07 ,-0.03 ,0.02 ,0.08 ,-0.03 ,0.18 ,-0.01 ,0.00 ,0.01 ,0.00 ,0.02 ,0.14 ,0.09 ,0.03 ,-0.04 
11/22,0.00 ,0.03 ,-0.06 ,-0.30 ,0.04 ,0.01 ,0.00 ,0.00 ,0.01 ,-0.01 ,0.04 ,-0.01 ,0.02 ,0.00 ,0.13 ,0.10 ,-0.02 ,0.00 ,-0.01 ,-0.12 ,0.03 ,0.06 ,0.10 ,0.14 ,-0.01 
11/29,-0.03 ,0.03 ,0.01 ,-0.04 ,0.01 ,0.03 ,0.00 ,-0.01 ,0.05 ,0.01 ,0.00 ,0.01 ,0.05 ,0.03 ,0.00 ,0.04 ,0.01 ,-0.15 ,-0.04 ,-0.30 ,-0.05 ,0.02 ,0.10 ,-0.01 ,0.02 
12/6,-0.04 ,0.00 ,-0.03 ,0.00 ,0.04 ,0.02 ,0.05 ,0.00 ,-0.03 ,0.05 ,-0.03 ,0.00 ,0.08 ,0.03 ,0.11 ,0.10 ,-0.02 ,0.00 ,0.00 ,-0.30 ,0.03 ,0.09 ,0.07 ,0.01 ,0.00 
12/13,-0.03 ,0.00 ,0.01 ,0.05 ,0.00 ,0.07 ,0.00 ,0.02 ,0.00 ,0.07 ,0.00 ,-0.03 ,0.09 ,0.03 ,0.06 ,0.17 ,0.02 ,-0.01 ,0.02 ,-0.17 ,0.02 ,0.17 ,0.07 ,0.05 ,0.00 
12/20,-0.01 ,0.06 ,-0.03 ,0.02 ,-0.04 ,0.08 ,0.00 ,0.00 ,0.00 ,0.04 ,0.00 ,0.00 ,0.03 ,0.06 ,0.20 ,0.14 ,-0.02 ,0.07 ,0.02 ,0.03 ,-0.06 ,0.14 ,0.12 ,0.05 ,-0.01 
12/27,0.00 ,0.06 ,0.03 ,-0.04 ,0.00 ,0.01 ,0.00 ,0.00 ,0.00 ,-0.02 ,0.03 ,0.00 ,0.02 ,0.01 ,0.04 ,0.06 ,0.00 ,0.00 ,0.04 ,0.03 ,0.00 ,0.10 ,0.04 ,0.05 ,-0.01 
11/1/3,0.00 ,0.14 ,0.00 ,0.02 ,0.00 ,0.02 ,0.08 ,0.12 ,0.05 ,0.07 ,0.00 ,0.00 ,-0.09 ,0.04 ,0.08 ,0.03 ,0.00 ,-0.03 ,0.01 ,0.00 ,0.03 ,0.15 ,0.15 ,0.11 ,0.02 
1/10,0.00 ,0.08 ,0.02 ,0.00 ,0.00 ,0.03 ,0.01 ,0.01 ,0.01 ,0.01 ,0.00 ,0.00 ,0.05 ,-0.02 ,0.06 ,0.01 ,0.01 ,0.00 ,0.03 ,0.17 ,0.16 ,0.09 ,0.08 ,0.11 ,0.01 
1/17,0.00 ,0.26 ,0.00 ,0.02 ,-0.03 ,0.17 ,0.03 ,0.00 ,0.04 ,0.02 ,0.00 ,0.00 ,0.00 ,0.15 ,0.16 ,0.07 ,0.01 ,0.17 ,0.08 ,0.00 ,0.04 ,0.17 ,0.14 ,0.08 ,0.02 
1/24,0.04 ,0.05 ,0.00 ,0.07 ,0.00 ,0.08 ,0.02 ,0.00 ,0.03 ,0.05 ,0.00 ,0.00 ,0.18 ,0.00 ,0.07 ,0.21 ,0.00 ,0.05 ,0.05 ,0.03 ,0.02 ,0.33 ,0.14 ,0.13 ,0.01 
2/7,0.00 ,0.08 ,0.08 ,0.00 ,0.11 ,0.14 ,0.06 ,0.10 ,0.16 ,0.04 ,0.00 ,0.00 ,0.01 ,0.05 ,0.12 ,0.12 ,-0.04 ,0.00 ,0.05 ,0.00 ,0.14 ,0.23 ,0.03 ,0.05 ,0.08 
2/14,0.00 ,0.04 ,0.07 ,0.13 ,0.00 ,0.16 ,-0.04 ,0.02 ,0.08 ,0.04 ,0.11 ,0.09 ,0.05 ,0.01 ,0.23 ,0.06 ,-0.02 ,0.07 ,0.05 ,0.00 ,0.08 ,0.20 ,0.10 ,0.09 ,0.19 
2/21,-0.04 ,0.00 ,0.01 ,0.02 ,0.16 ,0.05 ,0.08 ,0.06 ,0.16 ,0.03 ,0.00 ,0.01 ,0.12 ,0.00 ,0.10 ,0.02 ,0.00 ,0.06 ,0.03 ,0.02 ,0.06 ,0.10 ,0.05 ,0.09 ,0.07 
2/28,0.05 ,0.03 ,0.06 ,0.02 ,0.06 ,0.02 ,0.13 ,0.03 ,0.00 ,0.06 ,0.00 ,0.05 ,0.06 ,0.14 ,0.03 ,0.07 ,0.00 ,0.02 ,0.10 ,0.00 ,0.00 ,0.02 ,0.07 ,0.01 ,0.06 
3/7,-0.03 ,0.03 ,0.01 ,0.00 ,0.01 ,0.02 ,0.05 ,0.00 ,0.04 ,0.11 ,0.00 ,0.17 ,0.03 ,0.01 ,0.02 ,0.18 ,0.00 ,0.04 ,0.07 ,-0.01 ,0.00 ,0.03 ,0.03 ,0.02 ,0.07 
3/14,-0.04 ,0.00 ,0.01 ,0.02 ,0.06 ,0.01 ,0.00 ,0.00 ,-0.01 ,0.06 ,0.07 ,0.32 ,0.00 ,0.00 ,-0.02 ,0.12 ,0.00 ,0.02 ,0.09 ,0.00 ,0.02 ,0.01 ,0.01 ,0.02 ,0.00 
3/21,0.00 ,0.00 ,0.01 ,0.04 ,-0.06 ,-0.06 ,0.04 ,0.02 ,0.00 ,0.01 ,-0.01 ,0.02 ,0.00 ,0.23 ,-0.04 ,-0.02 ,0.00 ,0.12 ,-0.02 ,0.00 ,0.01 ,0.00 ,-0.03 ,0.00 ,0.01 
3/28,0.00 ,0.00 ,-0.02 ,0.01 ,0.00 ,-0.02 ,0.00 ,0.01 ,0.00 ,0.00 ,-0.01 ,-0.04 ,-0.02 ,0.15 ,0.05 ,-0.01 ,0.00 ,0.00 ,-0.01 ,0.00 ,0.00 ,0.00 ,-0.03 ,0.00 ,-0.05 
4/4,0.00 ,0.00 ,-0.02 ,0.00 ,0.00 ,0.00 ,0.00 ,0.01 ,0.01 ,0.00 ,0.00 ,0.05 ,0.00 ,0.00 ,0.01 ,-0.06 ,0.00 ,0.05 ,-0.04 ,-0.07 ,-0.04 ,0.07 ,-0.03 ,0.02 ,-0.05 
4/11,0.00 ,0.00 ,-0.01 ,0.00 ,0.00 ,0.02 ,0.00 ,0.02 ,0.07 ,-0.04 ,0.00 ,0.02 ,0.00 ,0.19 ,-0.02 ,0.03 ,-0.02 ,0.00 ,0.00 ,0.00 ,0.00 ,0.00 ,-0.03 ,0.01 ,0.01 
4/18,0.00 ,0.00 ,-0.01 ,0.01 ,0.00 ,0.01 ,0.00 ,0.02 ,0.01 ,-0.02 ,0.00 ,-0.04 ,0.00 ,-0.04 ,0.00 ,-0.03 ,-0.02 ,-0.05 ,0.00 ,0.00 ,0.00 ,0.00 ,-0.03 ,-0.01 ,0.01 
4/25,0.00 ,0.00 ,0.00 ,0.00 ,0.00 ,-0.04 ,0.00 ,0.01 ,0.01 ,0.00 ,0.00 ,0.00 ,0.00 ,0.00 ,-0.05 ,-0.04 ,-0.01 ,-0.07 ,-0.02 ,0.00 ,0.02 ,-0.01 ,-0.06 ,-0.11 ,-0.11 
5/2,0.00 ,0.00 ,0.00 ,0.03 ,0.00 ,0.02 ,0.00 ,0.02 ,-0.01 ,-0.01 ,-0.05 ,0.06 ,0.00 ,0.00 ,-0.04 ,-0.09 ,-0.02 ,0.00 ,0.03 ,-0.04 ,0.00 ,0.00 ,-0.02 ,-0.02 ,-0.01 
5/9,-0.01 ,0.00 ,-0.04 ,0.01 ,-0.05 ,0.00 ,0.00 ,-0.01 ,0.03 ,-0.01 ,0.00 ,0.00 ,0.00 ,0.00 ,-0.02 ,-0.06 ,0.00 ,0.00 ,0.01 ,0.00 ,0.00 ,-0.01 ,-0.06 ,-0.02 ,-0.02 
5/16,0.00 ,0.04 ,0.00 ,-0.01 ,0.00 ,0.00 ,0.00 ,0.01 ,0.00 ,-0.01 ,-0.08 ,-0.07 ,0.00 ,0.01 ,-0.05 ,-0.11 ,-0.04 ,0.00 ,-0.01 ,-0.04 ,-0.04 ,-0.02 ,-0.02 ,-0.05 ,0.00 
5/23,0.00 ,0.03 ,-0.02 ,-0.01 ,-0.01 ,-0.09 ,0.00 ,0.00 ,0.00 ,-0.01 ,0.00 ,0.00 ,0.00 ,-0.02 ,-0.06 ,-0.14 ,-0.14 ,0.00 ,-0.02 ,-0.22 ,0.00 ,-0.03 ,0.00 ,-0.04 ,0.00 
5/30,-0.04 ,-0.01 ,-0.04 ,0.00 ,-0.06 ,0.00 ,-0.03 ,0.00 ,0.00 ,-0.02 ,-0.03 ,0.00 ,0.00 ,0.00 ,-0.01 ,-0.12 ,-0.04 ,0.03 ,0.01 ,-0.01 ,-0.07 ,-0.03 ,-0.04 ,-0.03 ,0.01 
6/6,0.00 ,0.00 ,-0.04 ,-0.03 ,-0.02 ,-0.20 ,-0.05 ,-0.01 ,0.00 ,-0.02 ,-0.02 ,0.04 ,0.00 ,-0.01 ,-0.03 ,-0.17 ,-0.01 ,0.02 ,-0.03 ,0.05 ,0.01 ,-0.01 ,-0.03 ,-0.01 ,-0.04 
6/13,-0.02 ,-0.04 ,-0.03 ,0.00 ,0.03 ,0.01 ,0.00 ,0.00 ,0.00 ,0.00 ,0.02 ,0.00 ,0.00 ,0.00 ,-0.06 ,-0.08 ,-0.04 ,0.01 ,0.00 ,0.00 ,0.03 ,-0.01 ,-0.04 ,-0.11 ,-0.04 
6/20,-0.07 ,0.01 ,-0.05 ,-0.04 ,0.01 ,0.00 ,0.00 ,0.00 ,-0.03 ,0.00 ,-0.04 ,-0.01 ,-0.05 ,-0.09 ,-0.11 ,-0.19 ,0.00 ,0.00 ,0.01 ,-0.05 ,-0.11 ,0.02 ,-0.05 ,-0.08 ,-0.02 
6/27,-0.03 ,0.00 ,-0.04 ,-0.01 ,-0.05 ,-0.09 ,-0.04 ,-0.03 ,-0.02 ,0.00 ,-0.03 ,0.00 ,-0.05 ,-0.01 ,-0.08 ,-0.14 ,-0.02 ,-0.10 ,-0.01 ,-0.05 ,-0.07 ,-0.03 ,-0.04 ,-0.02 ,0.00 
7/4,-0.01 ,0.00 ,-0.03 ,-0.02 ,-0.01 ,-0.03 ,0.00 ,-0.01 ,0.00 ,0.00 ,-0.04 ,-0.03 ,0.00 ,-0.01 ,-0.05 ,-0.17 ,-0.06 ,0.01 ,-0.04 ,0.00 ,-0.03 ,-0.01 ,-0.06 ,-0.01 ,0.00 
7/11,0.00 ,-0.04 ,-0.03 ,-0.04 ,-0.01 ,-0.08 ,-0.03 ,0.00 ,-0.03 ,-0.02 ,0.03 ,-0.05 ,0.00 ,0.04 ,-0.01 ,-0.15 ,-0.08 ,-0.13 ,-0.03 ,-0.13 ,-0.09 ,-0.01 ,-0.03 ,-0.14 ,0.00 
7/18,0.00 ,-0.01 ,-0.12 ,0.00 ,-0.01 ,-0.02 ,0.00 ,-0.16 ,-0.01 ,0.01 ,-0.07 ,0.00 ,-0.03 ,0.00 ,-0.05 ,-0.08 ,-0.10 ,-0.01 ,-0.03 ,-0.10 ,0.00 ,-0.01 ,-0.07 ,-0.07 ,-0.03 
7/25,-0.02 ,0.00 ,-0.03 ,-0.06 ,-0.01 ,0.00 ,-0.05 ,0.00 ,-0.01 ,-0.02 ,-0.12 ,-0.05 ,-0.14 ,0.00 ,-0.05 ,-0.03 ,-0.06 ,0.02 ,0.00 ,0.00 ,-0.01 ,0.00 ,-0.02 ,-0.02 ,-0.06 
8/1,-0.04 ,0.00 ,-0.01 ,0.00 ,0.00 ,-0.04 ,0.02 ,0.00 ,0.00 ,-0.04 ,-0.02 ,-0.01 ,-0.02 ,0.00 ,0.03 ,0.03 ,-0.01 ,0.00 ,0.00 ,0.00 ,-0.03 ,-0.03 ,0.00 ,0.00 ,0.00 
8/8,-0.14 ,0.00 ,-0.05 ,-0.12 ,0.06 ,-0.04 ,0.00 ,0.06 ,0.00 ,-0.09 ,-0.11 ,-0.02 ,0.00 ,-0.08 ,0.02 ,0.10 ,-0.02 ,0.00 ,-0.01 ,0.00 ,0.00 ,0.04 ,-0.05 ,0.01 ,-0.03 
8/15,0.00 ,0.00 ,-0.02 ,0.00 ,0.07 ,0.00 ,-0.01 ,0.00 ,0.00 ,-0.01 ,0.01 ,-0.01 ,0.00 ,0.00 ,-0.01 ,-0.01 ,-0.11 ,-0.01 ,-0.03 ,-0.02 ,-0.01 ,0.00 ,-0.01 ,-0.03 ,-0.01 
8/22,0.02 ,-0.01 ,-0.10 ,0.00 ,-0.02 ,-0.06 ,-0.06 ,0.00 ,-0.01 ,-0.03 ,-0.01 ,0.00 ,0.00 ,0.00 ,0.00 ,-0.01 ,-0.04 ,-0.03 ,-0.09 ,0.00 ,-0.03 ,-0.02 ,-0.01 ,-0.11 ,0.00 
8/29,-0.10 ,-0.01 ,-0.04 ,-0.03 ,-0.01 ,-0.04 ,-0.08 ,0.01 ,-0.03 ,-0.03 ,0.00 ,0.00 ,-0.03 ,0.00 ,-0.03 ,0.01 ,-0.11 ,0.00 ,0.00 ,-0.02 ,-0.02 ,0.07 ,-0.08 ,-0.08 ,-0.13 
9/5,-0.19 ,0.00 ,-0.02 ,-0.02 ,0.00 ,0.01 ,0.00 ,0.01 ,0.00 ,-0.04 ,0.00 ,0.00 ,-0.02 ,-0.08 ,-0.02 ,0.00 ,-0.18 ,-0.01 ,0.00 ,0.02 ,-0.05 ,0.06 ,-0.01 ,-0.05 ,-0.01 
9/12,-0.01 ,0.00 ,-0.07 ,0.00 ,0.02 ,0.02 ,0.00 ,0.00 ,0.00 ,-0.09 ,-0.02 ,0.00 ,0.00 ,-0.02 ,-0.06 ,0.07 ,-0.04 ,0.01 ,0.01 ,-0.10 ,-0.02 ,0.01 ,-0.01 ,-0.02 ,-0.01 
9/19,0.00 ,0.00 ,-0.01 ,-0.03 ,-0.10 ,0.00 ,0.02 ,-0.01 ,0.03 ,-0.10 ,-0.15 ,0.02 ,0.00 ,0.00 ,-0.12 ,-0.04 ,-0.03 ,-0.04 ,0.00 ,-0.26 ,-0.02 ,-0.03 ,-0.05 ,-0.09 ,-0.07 
10/3,0.00 ,0.00 ,-0.03 ,0.00 ,0.00 ,-0.02 ,-0.01 ,0.00 ,0.00 ,-0.04 ,0.00 ,0.01 ,0.00 ,0.00 ,-0.08 ,-0.02 ,-0.07 ,-0.03 ,-0.11 ,-0.26 ,0.00 ,-0.01 ,-0.04 ,-0.16 ,-0.09 
10/10,0.00 ,0.00 ,-0.05 ,-0.01 ,-0.02 ,-0.01 ,0.00 ,0.01 ,-0.02 ,-0.03 ,0.00 ,0.00 ,0.00 ,0.00 ,-0.08 ,-0.06 ,0.00 ,0.00 ,-0.02 ,-0.07 ,0.00 ,0.00 ,-0.10 ,-0.26 ,-0.02 
10/17,0.00 ,0.00 ,-0.05 ,-0.02 ,-0.15 ,-0.01 ,0.00 ,0.01 ,-0.03 ,-0.04 ,0.00 ,0.00 ,0.00 ,0.00 ,-0.05 ,-0.08 ,-0.07 ,0.00 ,0.00 ,-0.09 ,0.00 ,-0.02 ,-0.09 ,-0.18 ,-0.02 
10/24,0.00 ,0.00 ,-0.01 ,0.00 ,0.00 ,0.00 ,0.00 ,0.00 ,0.00 ,-0.01 ,0.00 ,-0.04 ,0.00 ,0.00 ,0.00 ,-0.01 ,-0.09 ,-0.01 ,-0.02 ,0.00 ,0.00 ,-0.11 ,-0.03 ,-0.12 ,-0.03 
10/31,-0.08 ,-0.03 ,-0.07 ,-0.01 ,0.00 ,0.00 ,-0.01 ,0.00 ,-0.02 ,0.01 ,0.00 ,-0.03 ,-0.01 ,0.00 ,-0.04 ,-0.06 ,-0.04 ,-0.03 ,-0.01 ,0.00 ,-0.01 ,-0.02 ,-0.09 ,-0.07 ,-0.08 
11/7,-0.05 ,0.00 ,-0.01 ,-0.01 ,-0.04 ,-0.01 ,-0.03 ,0.00 ,0.00 ,0.01 ,0.00 ,0.00 ,-0.01 ,0.00 ,-0.02 ,-0.07 ,-0.05 ,0.00 ,-0.04 ,0.00 ,-0.05 ,-0.08 ,-0.04 ,-0.10 ,-0.05 
11/14,-0.01 ,0.00 ,-0.04 ,-0.02 ,-0.04 ,0.02 ,0.02 ,-0.03 ,0.00 ,-0.02 ,0.00 ,-0.02 ,0.00 ,-0.02 ,-0.10 ,-0.08 ,0.00 ,0.00 ,-0.02 ,0.01 ,0.00 ,-0.06 ,-0.15 ,-0.10 ,-0.02 
11/21,-0.03 ,-0.02 ,-0.06 ,-0.03 ,0.00 ,0.04 ,-0.05 ,-0.03 ,0.01 ,-0.04 ,-0.01 ,0.00 ,-0.03 ,-0.08 ,-0.10 ,-0.18 ,0.00 ,0.00 ,-0.07 ,-0.12 ,-0.01 ,-0.04 ,-0.09 ,-0.07 ,-0.08 
11/28,-0.08 ,0.00 ,-0.02 ,-0.07 ,0.00 ,0.01 ,0.00 ,0.00 ,0.00 ,-0.02 ,0.00 ,-0.02 ,-0.03 ,-0.03 ,-0.11 ,-0.23 ,-0.03 ,-0.11 ,0.00 ,0.00 ,-0.02 ,-0.03 ,-0.07 ,-0.06 ,-0.13 
12/5,0.00 ,-0.06 ,-0.08 ,0.00 ,-0.01 ,0.00 ,0.00 ,0.00 ,0.00 ,-0.08 ,-0.02 ,0.00 ,-0.03 ,-0.03 ,-0.05 ,-0.06 ,-0.05 ,-0.05 ,-0.01 ,0.01 ,0.02 ,-0.04 ,-0.12 ,-0.07 ,0.00 
12/12,-0.05 ,0.00 ,-0.03 ,-0.01 ,0.00 ,-0.02 ,0.00 ,0.00 ,0.00 ,-0.01 ,-0.02 ,-0.02 ,-0.07 ,0.00 ,0.06 ,0.04 ,-0.03 ,0.00 ,-0.08 ,0.00 ,-0.02 ,-0.04 ,-0.05 ,-0.02 ,-0.07 
12/19,0.00 ,-0.02 ,-0.04 ,0.00 ,0.00 ,-0.05 ,0.00 ,-0.01 ,-0.03 ,-0.03 ,-0.06 ,0.00 ,-0.05 ,0.00 ,-0.05 ,0.00 ,-0.05 ,0.00 ,0.00 ,0.00 ,0.00 ,-0.04 ,-0.04 ,-0.01 ,-0.06 
12/26,0.00 ,-0.01 ,0.00 ,-0.08 ,0.00 ,-0.02 ,-0.01 ,-0.01 ,0.00 ,-0.02 ,-0.02 ,0.00 ,-0.04 ,-0.03 ,-0.06 ,-0.01 ,-0.02 ,0.00 ,-0.02 ,0.00 ,-0.01 ,-0.05 ,-0.08 ,-0.07 ,-0.07 
12/1/2,-0.03 ,0.00 ,-0.01 ,-0.02 ,0.00 ,-0.06 ,0.00 ,0.00 ,-0.02 ,-0.01 ,-0.01 ,0.00 ,-0.03 ,0.00 ,-0.13 ,-0.01 ,-0.03 ,0.00 ,-0.01 ,0.00 ,-0.03 ,-0.07 ,-0.08 ,-0.14 ,-0.03 
1/9,0.00 ,-0.01 ,-0.02 ,-0.06 ,0.00 ,-0.06 ,-0.05 ,0.00 ,0.00 ,-0.01 ,0.00 ,0.00 ,-0.08 ,-0.01 ,-0.05 ,-0.02 ,0.00 ,0.00 ,-0.03 ,0.02 ,0.00 ,-0.01 ,-0.09 ,-0.17 ,-0.07 
1/16,0.00 ,0.00 ,-0.03 ,-0.01 ,-0.01 ,-0.02 ,-0.07 ,0.00 ,0.00 ,-0.02 ,0.00 ,0.00 ,-0.04 ,0.00 ,-0.09 ,0.00 ,0.00 ,-0.07 ,-0.03 ,0.00 ,0.00 ,-0.07 ,-0.04 ,-0.11 ,-0.04 
1/30,-0.05 ,-0.02 ,-0.03 ,0.00 ,-0.06 ,-0.03 ,-0.03 ,0.00 ,0.00 ,-0.01 ,-0.04 ,0.01 ,-0.03 ,0.00 ,-0.06 ,0.00 ,-0.02 ,-0.06 ,-0.01 ,-0.01 ,0.00 ,-0.04 ,-0.08 ,-0.37 ,-0.07 
2/6,-0.05 ,-0.01 ,-0.01 ,0.00 ,-0.07 ,-0.04 ,0.00 ,0.00 ,-0.02 ,-0.02 ,-0.04 ,0.00 ,-0.04 ,0.00 ,-0.19 ,0.03 ,-0.11 ,0.00 ,-0.01 ,0.00 ,-0.02 ,-0.03 ,-0.03 ,-0.07 ,0.00 
2/13,-0.06 ,-0.04 ,-0.02 ,-0.07 ,-0.10 ,-0.26 ,0.00 ,-0.05 ,0.02 ,0.00 ,-0.10 ,0.01 ,-0.05 ,0.00 ,-0.07 ,-0.05 ,-0.05 ,0.00 ,0.00 ,-0.04 ,-0.01 ,-0.02 ,-0.11 ,-0.15 ,-0.01 
2/20,-0.06 ,-0.04 ,-0.05 ,-0.06 ,-0.03 ,-0.08 ,0.00 ,0.00 ,0.01 ,-0.02 ,-0.11 ,0.02 ,-0.05 ,-0.02 ,-0.14 ,-0.03 ,-0.09 ,0.01 ,-0.01 ,0.00 ,-0.02 ,-0.05 ,-0.11 ,-0.11 ,-0.02 
2/27,-0.06 ,-0.01 ,-0.03 ,-0.02 ,-0.01 ,-0.08 ,-0.07 ,-0.04 ,-0.02 ,0.00 ,-0.01 ,0.01 ,-0.04 ,-0.02 ,-0.08 ,-0.05 ,-0.14 ,-0.02 ,-0.01 ,0.00 ,0.00 ,-0.10 ,-0.04 ,-0.18 ,-0.06 
3/5,-0.02 ,-0.04 ,-0.05 ,-0.08 ,-0.11 ,-0.06 ,0.00 ,-0.07 ,-0.03 ,0.00 ,0.00 ,0.00 ,-0.04 ,-0.05 ,-0.09 ,-0.02 ,-0.08 ,-0.01 ,-0.02 ,-0.06 ,0.00 ,-0.07 ,-0.20 ,-0.07 ,-0.04 
3/12,-0.04 ,-0.22 ,-0.02 ,-0.14 ,0.00 ,-0.09 ,-0.07 ,-0.05 ,-0.10 ,0.00 ,-0.10 ,0.00 ,-0.04 ,0.00 ,-0.17 ,0.00 ,-0.14 ,-0.05 ,-0.05 ,-0.03 ,0.00 ,-0.07 ,-0.17 ,-0.13 ,-0.03 
3/19,-0.05 ,-0.09 ,-0.08 ,-0.02 ,-0.09 ,-0.18 ,-0.07 ,-0.07 ,-0.05 ,-0.01 ,-0.01 ,-0.01 ,-0.02 ,-0.05 ,-0.11 ,-0.10 ,-0.18 ,-0.14 ,-0.09 ,-0.07 ,0.00 ,-0.13 ,-0.18 ,-0.14 ,-0.04 
3/26,-0.24 ,-0.03 ,-0.09 ,-0.13 ,0.00 ,-0.08 ,-0.06 ,-0.03 ,-0.02 ,0.00 ,-0.03 ,-0.02 ,-0.03 ,0.00 ,-0.17 ,-0.15 ,-0.05 ,-0.02 ,-0.07 ,-0.04 ,-0.04 ,-0.11 ,-0.18 ,-0.07 ,-0.03 
4/2,-0.24 ,-0.12 ,-0.06 ,-0.09 ,0.00 ,-0.07 ,-0.06 ,-0.02 ,-0.07 ,0.00 ,-0.04 ,-0.02 ,-0.03 ,0.00 ,-0.15 ,-0.12 ,-0.12 ,-0.20 ,-0.04 ,-0.01 ,-0.07 ,-0.13 ,-0.15 ,-0.20 ,-0.09 
4/9,-0.04 ,-0.04 ,-0.03 ,-0.06 ,-0.01 ,-0.08 ,-0.01 ,-0.02 ,-0.07 ,0.00 ,0.00 ,-0.06 ,-0.04 ,-0.01 ,-0.14 ,-0.13 ,-0.13 ,-0.04 ,-0.03 ,-0.04 ,-0.16 ,-0.08 ,-0.24 ,-0.09 ,-0.07 
4/16,-0.08 ,-0.03 ,-0.06 ,-0.08 ,0.00 ,-0.06 ,-0.03 ,0.00 ,-0.07 ,0.00 ,-0.02 ,-0.01 ,-0.12 ,-0.07 ,-0.18 ,-0.03 ,-0.10 ,-0.02 ,0.00 ,-0.03 ,-0.08 ,-0.07 ,-0.17 ,-0.18 ,-0.09 
4/23,-0.17 ,0.00 ,-0.06 ,-0.10 ,-0.02 ,-0.06 ,-0.05 ,0.00 ,-0.08 ,0.00 ,-0.17 ,-0.01 ,-0.10 ,-0.06 ,-0.12 ,-0.03 ,-0.10 ,-0.01 ,-0.02 ,-0.02 ,-0.09 ,-0.13 ,-0.11 ,-0.27 ,-0.06 
4/30,-0.07 ,0.00 ,-0.05 ,-0.05 ,0.00 ,-0.10 ,-0.02 ,-0.04 ,-0.03 ,-0.01 ,-0.04 ,-0.01 ,-0.13 ,-0.14 ,0.08 ,-0.07 ,-0.14 ,-0.10 ,-0.08 ,0.00 ,-0.08 ,-0.16 ,-0.08 ,-0.14 ,-0.08 
5/7,-0.09 ,0.00 ,-0.10 ,-0.04 ,0.00 ,-0.04 ,-0.04 ,-0.04 ,-0.08 ,-0.02 ,-0.09 ,-0.02 ,0.00 ,-0.02 ,0.03 ,-0.13 ,-0.10 ,-0.08 ,-0.05 ,-0.05 ,-0.11 ,-0.21 ,-0.04 ,-0.02 ,-0.10 
5/14,-0.11 ,-0.01 ,-0.09 ,-0.08 ,0.00 ,-0.07 ,-0.02 ,-0.04 ,-0.03 ,-0.02 ,-0.07 ,-0.09 ,0.03 ,-0.06 ,-0.03 ,-0.02 ,-0.04 ,-0.02 ,-0.04 ,-0.07 ,-0.10 ,-0.13 ,-0.01 ,-0.04 ,-0.08 
5/21,-0.04 ,-0.03 ,-0.05 ,-0.12 ,-0.01 ,-0.02 ,-0.05 ,-0.02 ,-0.02 ,0.00 ,-0.02 ,-0.02 ,0.02 ,0.00 ,-0.01 ,-0.04 ,-0.09 ,-0.05 ,0.00 ,-0.06 ,-0.08 ,-0.13 ,-0.05 ,-0.07 ,-0.06 
5/28,-0.02 ,-0.14 ,-0.21 ,-0.02 ,-0.01 ,0.00 ,-0.04 ,0.00 ,-0.02 ,-0.01 ,-0.04 ,0.00 ,0.00 ,-0.09 ,-0.04 ,-0.05 ,-0.01 ,-0.03 ,-0.04 ,-0.02 ,-0.05 ,-0.24 ,-0.08 ,-0.09 ,-0.07 
6/4,-0.01 ,-0.01 ,-0.15 ,-0.11 ,-0.02 ,0.00 ,-0.06 ,0.00 ,-0.16 ,-0.02 ,-0.02 ,-0.03 ,-0.05 ,-0.01 ,-0.09 ,-0.09 ,-0.30 ,-0.01 ,-0.06 ,0.00 ,-0.04 ,-0.11 ,-0.09 ,-0.18 ,-0.07 
6/11,-0.10 ,-0.03 ,-0.01 ,-0.08 ,-0.29 ,-0.04 ,-0.09 ,-0.04 ,-0.04 ,-0.02 ,-0.09 ,-0.03 ,0.00 ,-0.09 ,-0.12 ,-0.04 ,-0.24 ,-0.11 ,-0.02 ,0.00 ,-0.06 ,-0.12 ,-0.16 ,-0.20 ,-0.08 
6/18,-0.01 ,0.00 ,-0.05 ,-0.07 ,-0.02 ,-0.08 ,-0.08 ,-0.02 ,0.00 ,-0.02 ,-0.05 ,-0.10 ,-0.08 ,-0.04 ,-0.13 ,-0.09 ,-0.13 ,-0.08 ,0.00 ,-0.06 ,-0.09 ,-0.17 ,-0.06 ,-0.13 ,-0.04 
6/25,0.00 ,-0.07 ,-0.22 ,-0.43 ,-0.09 ,-0.07 ,-0.09 ,-0.08 ,-0.11 ,-0.07 ,-0.05 ,-0.08 ,-0.03 ,-0.04 ,-0.26 ,-0.10 ,-0.03 ,-0.09 ,-0.02 ,-0.01 ,-0.02 ,-0.07 ,-0.13 ,-0.10 ,-0.04 
7/2,-0.39 ,-0.17 ,-0.03 ,-0.11 ,0.00 ,-0.04 ,-0.03 ,0.00 ,-0.14 ,-0.26 ,-0.21 ,0.00 ,-0.03 ,-0.01 ,-0.15 ,-0.25 ,-0.09 ,-0.03 ,-0.09 ,-0.06 ,-0.11 ,-0.20 ,-0.11 ,-0.17 ,-0.11 
7/9,-0.24 ,-0.09 ,-0.08 ,-0.14 ,-0.01 ,-0.17 ,0.00 ,-0.08 ,-0.01 ,-0.28 ,-0.10 ,-0.06 ,-0.03 ,-0.13 ,-0.11 ,-0.14 ,-0.12 ,-0.08 ,-0.04 ,0.00 ,-0.14 ,-0.12 ,-0.12 ,-0.14 ,-0.08 
7/16,-0.45 ,-0.01 ,-0.22 ,-0.07 ,-0.26 ,-0.07 ,-0.11 ,-0.03 ,-0.03 ,-0.12 ,-0.07 ,0.00 ,-0.05 ,-0.05 ,-0.20 ,-0.13 ,-0.08 ,-0.06 ,-0.10 ,0.00 ,-0.19 ,-0.20 ,-0.11 ,-0.22 ,-0.11 
7/23,-0.36 ,-0.08 ,-0.17 ,-0.08 ,-0.02 ,-0.03 ,-0.06 ,-0.05 ,0.00 ,-0.18 ,-0.04 ,-0.01 ,-0.21 ,-0.14 ,-0.14 ,-0.31 ,-0.06 ,0.00 ,-0.10 ,-0.04 ,-0.09 ,-0.17 ,-0.13 ,-0.09 ,-0.11 
7/30,0.00 ,-0.04 ,-0.08 ,-0.02 ,-0.03 ,-0.15 ,-0.06 ,-0.04 ,-0.05 ,-0.18 ,-0.05 ,-0.16 ,-0.19 ,-0.18 ,-0.17 ,-0.18 ,-0.19 ,-0.16 ,-0.03 ,0.00 ,-0.12 ,-0.17 ,-0.16 ,-0.22 ,-0.11 
8/6,-0.07 ,-0.01 ,-0.08 ,-0.02 ,-0.04 ,-0.09 ,-0.04 ,-0.08 ,-0.02 ,-0.19 ,-0.12 ,0.00 ,-0.10 ,-0.15 ,-0.28 ,-0.27 ,-0.06 ,0.00 ,-0.06 ,0.00 ,-0.16 ,-0.14 ,-0.14 ,-0.08 ,-0.10 
8/13,-0.03 ,0.00 ,-0.17 ,-0.08 ,0.00 ,-0.05 ,-0.09 ,-0.06 ,-0.02 ,-0.16 ,-0.04 ,-0.02 ,-0.15 ,-0.02 ,-0.31 ,-0.21 ,-0.04 ,-0.11 ,-0.03 ,-0.04 ,-0.09 ,-0.49 ,-0.17 ,-0.07 ,-0.12 
8/20,0.00 ,0.00 ,-0.24 ,-0.07 ,-0.10 ,-0.14 ,-0.03 ,-0.05 ,-0.04 ,-0.14 ,-0.05 ,-0.18 ,-0.07 ,-0.13 ,-0.25 ,-0.31 ,-0.08 ,-0.12 ,-0.03 ,0.00 ,-0.11 ,-0.19 ,-0.26 ,-0.16 ,-0.12 
8/27,0.00 ,0.00 ,-0.21 ,-0.02 ,-0.02 ,-0.14 ,0.00 ,0.00 ,-0.09 ,-0.12 ,-0.03 ,-0.02 ,-0.08 ,0.00 ,-0.32 ,-0.42 ,-0.05 ,-0.03 ,-0.16 ,-0.03 ,-0.28 ,-0.29 ,-0.17 ,-0.10 ,-0.13 
9/3,-0.10 ,-0.52 ,-0.26 ,-0.10 ,0.00 ,-0.10 ,-0.03 ,0.00 ,-0.07 ,-0.17 ,-0.04 ,-0.04 ,-0.09 ,-0.18 ,-0.23 ,-0.18 ,-0.57 ,-0.08 ,-0.04 ,-0.09 ,-0.21 ,-0.29 ,-0.16 ,-0.26 ,-0.09 
9/10,-0.07 ,-0.23 ,-0.21 ,-0.11 ,-0.22 ,-0.21 ,-0.16 ,-0.03 ,-0.14 ,-0.13 ,-0.17 ,-0.14 ,-0.07 ,-0.09 ,-0.25 ,-0.17 ,-0.12 ,-0.13 ,-0.08 ,0.00 ,-0.27 ,-0.28 ,-0.21 ,-0.22 ,-0.19 
9/17,-0.26 ,-0.14 ,-0.15 ,-0.31 ,-0.01 ,-0.17 ,-0.13 ,-0.02 ,-0.17 ,-0.09 ,-0.16 ,-0.03 ,-0.11 ,-0.01 ,-0.23 ,-0.21 ,-0.16 ,-0.09 ,-0.06 ,0.00 ,-0.18 ,-0.22 ,-0.10 ,-0.16 ,-0.16 
9/24,-0.09 ,-0.17 ,-0.24 ,-0.34 ,-0.21 ,-0.14 ,-0.19 ,-0.21 ,-0.33 ,0.00 ,-0.24 ,-0.03 ,0.00 ,0.00 ,-0.05 ,-0.08 ,-0.22 ,-0.23 ,-0.13 ,-0.05 ,-0.21 ,-0.15 ,-0.19 ,-0.21 ,-0.16 
10/8,-0.28 ,-0.16 ,-0.23 ,-0.28 ,-0.02 ,-0.08 ,-0.14 ,-0.05 ,-0.16 ,-0.33 ,-0.19 ,-0.10 ,0.00 ,-0.05 ,-0.05 ,-0.01 ,-0.19 ,-0.44 ,-0.10 ,-0.18 ,-0.32 ,-0.16 ,-0.08 ,-0.08 ,-0.20 
10/15,-0.13 ,-0.04 ,-0.20 ,-0.35 ,-0.23 ,-0.14 ,-0.11 ,-0.09 ,-0.13 ,-0.08 ,-0.06 ,-0.09 ,-0.01 ,-0.14 ,-0.01 ,-0.05 ,-0.09 ,-0.26 ,-0.08 ,-0.05 ,-0.06 ,-0.14 ,-0.18 ,-0.15 ,-0.20 
10/22,-0.32 ,-0.02 ,-0.04 ,-0.30 ,-0.06 ,-0.03 ,-0.04 ,-0.14 ,-0.16 ,-0.09 ,-0.04 ,-0.08 ,-0.08 ,-0.07 ,-0.08 ,-0.02 ,-0.06 ,-0.20 ,-0.07 ,-0.06 ,-0.02 ,-0.18 ,-0.14 ,-0.16 ,-0.23 
10/29,-0.13 ,-0.01 ,-0.03 ,-0.22 ,-0.08 ,-0.08 ,-0.05 ,-0.14 ,-0.10 ,-0.13 ,-0.06 ,-0.08 ,-0.13 ,0.00 ,-0.08 ,-0.06 ,-0.12 ,-0.14 ,-0.08 ,-0.04 ,0.00 ,-0.13 ,-0.09 ,-0.07 ,-0.12 
11/5,-0.21 ,-0.02 ,-0.08 ,-0.35 ,0.00 ,-0.08 ,-0.09 ,-0.08 ,-0.03 ,-0.03 ,-0.10 ,-0.21 ,-0.09 ,-0.25 ,-0.18 ,-0.16 ,-0.12 ,-0.17 ,-0.05 ,0.00 ,-0.02 ,-0.08 ,-0.04 ,-0.01 ,-0.14 
11/12,-0.15 ,-0.03 ,-0.13 ,-0.20 ,0.00 ,-0.19 ,-0.03 ,-0.14 ,-0.04 ,-0.10 ,-0.11 ,-0.01 ,-0.08 ,0.00 ,-0.17 ,-0.05 ,-0.12 ,-0.11 ,-0.01 ,-0.02 ,-0.01 ,-0.15 ,-0.05 ,-0.09 ,-0.15 
11/19,-0.14 ,-0.13 ,-0.05 ,-0.08 ,0.00 ,-0.10 ,-0.09 ,-0.11 ,-0.02 ,-0.02 ,-0.03 ,-0.19 ,-0.01 ,0.00 ,-0.05 ,-0.07 ,-0.10 ,-0.26 ,0.00 ,-0.06 ,-0.06 ,-0.09 ,-0.35 ,-0.01 ,-0.15 
11/26,-0.15 ,-0.20 ,-0.12 ,-0.08 ,0.00 ,-0.09 ,0.00 ,-0.02 ,-0.06 ,-0.05 ,0.00 ,-0.02 ,-0.02 ,-0.17 ,-0.17 ,-0.18 ,-0.10 ,-0.07 ,0.00 ,0.00 ,-0.02 ,-0.14 ,-0.25 ,-0.05 ,-0.03 
12/3,-0.09 ,-0.01 ,-0.10 ,-0.08 ,-0.11 ,-0.06 ,-0.05 ,0.00 ,-0.06 ,-0.08 ,-0.07 ,-0.07 ,-0.03 ,0.00 ,-0.23 ,-0.16 ,-0.26 ,-0.08 ,-0.04 ,0.00 ,-0.07 ,-0.06 ,-0.16 ,-0.09 ,-0.13 
12/10,-0.06 ,-0.04 ,-0.06 ,-0.12 ,0.00 ,-0.05 ,0.00 ,-0.03 ,-0.03 ,-0.03 ,-0.05 ,0.00 ,-0.01 ,-0.08 ,-0.16 ,-0.07 ,-0.12 ,-0.09 ,-0.06 ,0.00 ,-0.01 ,-0.09 ,-0.08 ,-0.09 ,-0.08 
12/17,-0.07 ,0.00 ,-0.06 ,-0.08 ,-0.01 ,-0.04 ,-0.12 ,0.00 ,-0.06 ,-0.01 ,-0.07 ,0.00 ,-0.06 ,-0.03 ,-0.11 ,-0.09 ,-0.14 ,-0.09 ,-0.05 ,-0.08 ,-0.08 ,-0.02 ,-0.11 ,-0.04 ,-0.09 
12/24,0.00 ,-0.12 ,-0.15 ,-0.07 ,-0.07 ,-0.05 ,-0.02 ,-0.09 ,-0.06 ,-0.01 ,0.00 ,-0.02 ,-0.06 ,-0.03 ,-0.05 ,-0.16 ,-0.12 ,-0.09 ,-0.02 ,-0.04 ,-0.03 ,-0.06 ,-0.11 ,-0.08 ,-0.08 
12/31,-0.07 ,-0.14 ,-0.11 ,-0.05 ,-0.07 ,-0.09 ,-0.02 ,-0.26 ,-0.05 ,-0.05 ,-0.05 ,0.00 ,-0.02 ,0.00 ,-0.06 ,-0.11 ,-0.04 ,-0.13 ,-0.07 ,-0.16 ,-0.05 ,-0.21 ,-0.11 ,-0.02 ,-0.05 
13/1/7,-0.05 ,-0.05 ,-0.08 ,-0.12 ,-0.14 ,-0.02 ,-0.04 ,0.00 ,-0.05 ,-0.01 ,-0.05 ,0.00 ,0.00 ,-0.27 ,-0.02 ,-0.09 ,-0.04 ,-0.02 ,-0.01 ,-0.15 ,-0.12 ,-0.09 ,-0.02 ,-0.19 ,-0.04 
1/14,-0.07 ,-0.04 ,-0.11 ,-0.13 ,0.00 ,-0.02 ,-0.06 ,-0.04 ,-0.09 ,-0.05 ,-0.02 ,0.00 ,-0.02 ,-0.14 ,-0.06 ,-0.01 ,-0.02 ,-0.03 ,-0.02 ,-0.37 ,-0.08 ,-0.13 ,-0.14 ,-0.09 ,-0.04 
1/21,-0.24 ,-0.03 ,-0.07 ,-0.10 ,-0.08 ,-0.06 ,0.00 ,-0.01 ,-0.10 ,-0.06 ,-0.03 ,0.00 ,0.00 ,0.00 ,-0.01 ,-0.02 ,-0.09 ,0.00 ,-0.08 ,-0.42 ,-0.03 ,-0.29 ,-0.15 ,-0.08 ,-0.05 
1/28,-0.16 ,-0.02 ,-0.09 ,-0.25 ,0.00 ,0.00 ,-0.10 ,-0.07 ,-0.10 ,-0.07 ,-0.04 ,0.00 ,-0.02 ,0.00 ,-0.07 ,0.05 ,-0.04 ,-0.07 ,-0.03 ,-0.49 ,-0.05 ,-0.16 ,-0.14 ,-0.18 ,-0.06 
2/4,-0.07 ,-0.10 ,-0.02 ,-0.10 ,0.00 ,-0.05 ,0.00 ,-0.05 ,-0.04 ,-0.05 ,-0.03 ,0.00 ,-0.05 ,-0.06 ,-0.08 ,0.02 ,-0.02 ,-0.01 ,-0.03 ,-0.07 ,-0.09 ,-0.08 ,-0.08 ,-0.09 ,-0.06 
2/11,-0.36 ,0.00 ,-0.01 ,-0.08 ,-0.03 ,0.00 ,-0.02 ,-0.13 ,-0.10 ,-0.03 ,-0.01 ,0.00 ,0.00 ,-0.02 ,-0.01 ,0.03 ,-0.06 ,-0.02 ,-0.03 ,0.00 ,0.00 ,-0.04 ,-0.03 ,-0.13 ,-0.02 
2/18,-0.04 ,-0.01 ,-0.03 ,-0.04 ,-0.01 ,-0.08 ,-0.09 ,-0.20 ,-0.05 ,-0.03 ,-0.05 ,-0.10 ,-0.12 ,0.00 ,-0.08 ,0.08 ,-0.14 ,-0.01 ,-0.03 ,-0.21 ,-0.12 ,-0.07 ,-0.15 ,-0.16 ,-0.03 
2/25,-0.05 ,0.00 ,-0.01 ,-0.25 ,-0.01 ,-0.03 ,-0.07 ,-0.14 ,-0.08 ,-0.25 ,-0.02 ,-0.05 ,0.00 ,0.00 ,0.07 ,0.10 ,-0.02 ,-0.02 ,-0.09 ,-0.14 ,-0.23 ,-0.03 ,-0.03 ,-0.07 ,-0.09 
3/4,0.00 ,0.00 ,-0.17 ,-0.23 ,0.00 ,-0.01 ,-0.09 ,-0.01 ,-0.19 ,-0.36 ,-0.03 ,-0.12 ,0.01 ,0.00 ,0.09 ,0.10 ,-0.13 ,-0.06 ,-0.24 ,0.00 ,-0.23 ,0.01 ,0.01 ,-0.10 ,-0.02 
3/11,-0.14 ,-0.01 ,-0.05 ,-0.11 ,-0.23 ,-0.03 ,-0.03 ,-0.27 ,-0.16 ,-0.18 ,-0.01 ,-0.20 ,-0.01 ,-0.04 ,0.04 ,0.03 ,-0.38 ,-0.02 ,-0.05 ,0.00 ,-0.30 ,0.00 ,0.16 ,-0.01 ,-0.12 
3/18,-0.12 ,-0.06 ,0.00 ,-0.05 ,-0.08 ,-0.02 ,0.00 ,-0.15 ,0.00 ,-0.11 ,-0.01 ,-0.02 ,0.00 ,0.00 ,0.01 ,0.02 ,-0.26 ,0.00 ,-0.02 ,-0.14 ,-0.09 ,0.00 ,0.06 ,-0.08 ,-0.15 
3/25,-0.07 ,0.00 ,0.00 ,-0.07 ,0.00 ,-0.14 ,0.00 ,-0.04 ,-0.01 ,-0.02 ,0.01 ,0.00 ,-0.05 ,0.00 ,0.00 ,0.01 ,-0.08 ,-0.09 ,0.00 ,-0.06 ,-0.02 ,-0.02 ,0.06 ,-0.02 ,-0.10 
4/1,-0.09 ,-0.05 ,-0.03 ,-0.13 ,-0.07 ,-0.01 ,0.00 ,-0.08 ,-0.12 ,-0.04 ,-0.01 ,0.00 ,0.00 ,-0.02 ,-0.03 ,0.06 ,0.00 ,-0.01 ,-0.04 ,0.00 ,-0.02 ,0.00 ,0.03 ,-0.13 ,-0.05 
4/8,-0.04 ,0.01 ,0.00 ,-0.12 ,-0.03 ,0.00 ,-0.01 ,-0.01 ,-0.08 ,-0.02 ,0.00 ,-0.09 ,-0.07 ,0.00 ,-0.03 ,0.05 ,-0.05 ,-0.04 ,-0.12 ,0.00 ,0.00 ,0.00 ,0.06 ,-0.01 ,-0.10 
4/15,0.00 ,0.00 ,0.01 ,-0.11 ,-0.02 ,-0.02 ,-0.06 ,0.01 ,-0.01 ,-0.05 ,-0.07 ,0.00 ,-0.01 ,0.00 ,-0.01 ,0.00 ,0.01 ,-0.02 ,-0.01 ,0.00 ,-0.01 ,0.01 ,0.05 ,0.00 ,0.00 
4/22,0.00 ,-0.07 ,-0.02 ,-0.02 ,0.00 ,-0.02 ,0.00 ,-0.10 ,-0.14 ,-0.03 ,-0.08 ,0.00 ,-0.03 ,0.00 ,0.14 ,0.01 ,-0.04 ,-0.04 ,0.00 ,0.00 ,-0.06 ,0.01 ,0.10 ,-0.08 ,0.01 
4/29,0.00 ,0.00 ,0.00 ,-0.02 ,0.00 ,-0.02 ,-0.03 ,-0.03 ,0.00 ,-0.28 ,-0.03 ,0.00 ,-0.19 ,-0.01 ,0.05 ,0.06 ,-0.02 ,0.00 ,-0.06 ,0.00 ,-0.05 ,0.02 ,0.02 ,-0.05 ,0.00 
5/6,0.00 ,-0.05 ,-0.01 ,0.00 ,-0.02 ,-0.01 ,0.00 ,0.00 ,0.00 ,-0.04 ,0.00 ,0.00 ,-0.14 ,-0.01 ,0.04 ,0.00 ,-0.09 ,0.00 ,-0.02 ,0.01 ,-0.02 ,0.00 ,0.03 ,0.00 ,0.01 
5/13,-0.02 ,-0.03 ,-0.17 ,0.00 ,-0.01 ,-0.01 ,0.00 ,-0.04 ,0.00 ,-0.01 ,0.00 ,0.00 ,0.00 ,-0.21 ,-0.03 ,-0.08 ,-0.01 ,0.00 ,-0.01 ,0.00 ,0.00 ,0.00 ,0.06 ,-0.02 ,0.00 
5/20,-0.09 ,-0.03 ,-0.06 ,-0.03 ,-0.01 ,-0.15 ,-0.10 ,-0.01 ,-0.03 ,0.00 ,-0.11 ,0.00 ,0.00 ,-0.14 ,0.00 ,-0.16 ,-0.08 ,0.00 ,-0.13 ,-0.03 ,-0.01 ,0.00 ,0.01 ,-0.13 ,-0.03 
5/27,-0.03 ,-0.03 ,-0.06 ,-0.05 ,0.00 ,0.00 ,0.00 ,-0.28 ,-0.01 ,-0.10 ,0.00 ,-0.16 ,0.00 ,-0.06 ,0.00 ,-0.08 ,-0.08 ,0.01 ,-0.09 ,-0.09 ,-0.06 ,0.00 ,-0.02 ,0.00 ,-0.08 
6/3,-0.04 ,-0.11 ,-0.13 ,-0.02 ,-0.03 ,-0.03 ,0.00 ,-0.03 ,-0.11 ,-0.16 ,0.00 ,-0.05 ,0.00 ,-0.06 ,-0.09 ,-0.05 ,-0.02 ,0.00 ,-0.04 ,0.00 ,-0.01 ,-0.01 ,-0.03 ,-0.15 ,-0.05 
6/10,0.00 ,-0.01 ,-0.07 ,-0.03 ,0.00 ,-0.01 ,-0.02 ,-0.02 ,0.00 ,-0.01 ,-0.20 ,-0.01 ,0.00 ,-0.19 ,-0.20 ,-0.04 ,-0.02 ,-0.03 ,0.00 ,-0.60 ,-0.09 ,-0.02 ,0.00 ,0.00 ,0.00 
6/17,0.00 ,-0.08 ,-0.09 ,-0.01 ,-0.01 ,-0.03 ,-0.04 ,-0.04 ,-0.01 ,-0.08 ,-0.06 ,-0.02 ,-0.01 ,-0.15 ,-0.24 ,-0.03 ,-0.05 ,0.00 ,0.00 ,0.00 ,0.00 ,-0.01 ,-0.02 ,-0.02 ,-0.01 
6/24,0.00 ,0.00 ,-0.01 ,-0.05 ,-0.04 ,-0.04 ,-0.01 ,-0.04 ,-0.01 ,-0.11 ,-0.06 ,0.00 ,0.00 ,0.00 ,-0.10 ,-0.11 ,-0.06 ,-0.07 ,0.00 ,0.00 ,0.00 ,-0.01 ,-0.06 ,0.00 ,-0.01 
7/1,0.00 ,-0.01 ,-0.02 ,-0.03 ,-0.10 ,-0.02 ,0.00 ,-0.03 ,-0.08 ,-0.02 ,-0.06 ,-0.07 ,0.00 ,0.00 ,-0.11 ,0.00 ,-0.04 ,-0.04 ,-0.02 ,0.00 ,-0.08 ,0.00 ,-0.06 ,0.00 ,0.00 
7/8,-0.01 ,-0.03 ,-0.10 ,-0.28 ,-0.40 ,-0.02 ,-0.02 ,-0.19 ,-0.15 ,0.00 ,-0.05 ,-0.04 ,0.00 ,-0.07 ,-0.13 ,-0.03 ,0.00 ,-0.03 ,-0.11 ,-0.05 ,-0.18 ,-0.01 ,-0.06 ,-0.07 ,-0.09 
7/15,-0.07 ,-0.03 ,-0.07 ,-0.09 ,-0.22 ,-0.06 ,-0.03 ,-0.17 ,-0.13 ,-0.22 ,-0.15 ,0.00 ,0.00 ,0.00 ,-0.12 ,-0.17 ,-0.05 ,-0.08 ,-0.33 ,-0.20 ,-0.15 ,-0.04 ,-0.19 ,-0.10 ,-0.01 
7/22,-0.03 ,-0.28 ,-0.31 ,-0.18 ,-0.15 ,-0.04 ,-0.10 ,-0.39 ,-0.25 ,-0.22 ,-0.19 ,-0.11 ,0.00 ,-0.27 ,-0.03 ,-0.07 ,-0.06 ,-0.03 ,-0.04 ,0.00 ,-0.03 ,-0.01 ,-0.05 ,-0.09 ,-0.14 
7/29,-0.07 ,-0.03 ,-0.26 ,-0.09 ,-0.10 ,-0.15 ,-0.05 ,-0.11 ,0.00 ,-0.07 ,-0.01 ,-0.07 ,-0.20 ,-0.06 ,-0.22 ,-0.01 ,-0.09 ,-0.08 ,-0.03 ,0.00 ,0.00 ,-0.01 ,-0.13 ,-0.20 ,-0.01 
8/5,-0.05 ,-0.01 ,-0.04 ,-0.09 ,-0.04 ,-0.08 ,-0.03 ,0.00 ,-0.04 ,-0.10 ,-0.08 ,0.00 ,-0.01 ,-0.06 ,-0.07 ,-0.03 ,-0.02 ,-0.06 ,-0.03 ,0.00 ,0.00 ,0.00 ,-0.02 ,-0.03 ,-0.03 
8/12,0.00 ,-0.04 ,-0.01 ,-0.02 ,0.00 ,0.00 ,-0.06 ,-0.01 ,-0.04 ,-0.09 ,-0.06 ,0.00 ,0.00 ,-0.03 ,-0.03 ,-0.04 ,-0.03 ,0.00 ,-0.03 ,0.00 ,0.00 ,-0.01 ,0.00 ,-0.01 ,0.00 
8/19,-0.04 ,0.00 ,0.00 ,0.00 ,-0.03 ,0.00 ,-0.01 ,0.00 ,-0.02 ,-0.01 ,-0.12 ,0.00 ,0.00 ,-0.03 ,0.06 ,-0.01 ,-0.01 ,-0.02 ,0.00 ,0.00 ,-0.04 ,0.01 ,0.00 ,-0.02 ,-0.05 
8/26,-0.01 ,-0.09 ,0.00 ,0.00 ,-0.06 ,-0.01 ,-0.02 ,0.00 ,0.00 ,-0.17 ,-0.01 ,0.00 ,0.00 ,0.00 ,0.03 ,-0.09 ,-0.02 ,-0.06 ,-0.04 ,0.00 ,-0.02 ,0.00 ,0.07 ,-0.12 ,-0.01 
9/2,0.03 ,-0.09 ,-0.02 ,-0.03 ,-0.10 ,-0.04 ,-0.02 ,-0.08 ,0.07 ,-0.20 ,-0.15 ,0.00 ,-0.02 ,-0.01 ,0.05 ,0.00 ,-0.14 ,0.01 ,0.00 ,-0.34 ,-0.02 ,-0.02 ,0.01 ,-0.01 ,-0.08 
9/9,0.07 ,-0.14 ,0.00 ,-0.02 ,-0.04 ,-0.05 ,-0.03 ,-0.02 ,0.10 ,-0.06 ,-0.04 ,0.00 ,0.04 ,-0.06 ,0.08 ,0.02 ,0.00 ,0.01 ,0.05 ,-0.02 ,-0.01 ,0.03 ,0.04 ,0.02 ,-0.08 
9/23,0.06 ,-0.05 ,0.07 ,0.05 ,-0.05 ,-0.02 ,-0.02 ,0.00 ,0.07 ,-0.08 ,0.02 ,0.00 ,0.03 ,-0.06 ,0.03 ,0.00 ,0.02 ,0.04 ,0.00 ,0.00 ,0.04 ,0.01 ,0.01 ,0.03 ,0.00 
9/30,0.01 ,-0.02 ,0.00 ,0.05 ,-0.02 ,-0.03 ,0.03 ,0.06 ,0.05 ,-0.04 ,-0.02 ,0.02 ,0.00 ,0.00 ,0.02 ,0.05 ,0.00 ,0.05 ,0.01 ,0.00 ,0.01 ,0.02 ,0.01 ,0.03 ,0.00 
10/7,0.01 ,0.00 ,0.04 ,0.11 ,0.00 ,0.02 ,0.01 ,0.00 ,0.16 ,-0.06 ,0.00 ,0.04 ,0.06 ,0.02 ,0.00 ,0.04 ,0.04 ,0.03 ,0.03 ,0.07 ,0.00 ,0.02 ,0.06 ,0.06 ,0.00 
10/14,0.02 ,0.00 ,0.01 ,0.07 ,-0.10 ,0.01 ,0.05 ,0.00 ,0.22 ,-0.02 ,0.01 ,0.00 ,0.05 ,0.00 ,-0.01 ,0.02 ,0.18 ,0.02 ,0.01 ,0.07 ,0.00 ,0.00 ,0.02 ,-0.01 ,0.00 
10/21,0.05 ,0.01 ,0.04 ,0.02 ,-0.01 ,-0.01 ,-0.05 ,0.00 ,0.06 ,-0.14 ,-0.02 ,0.00 ,0.02 ,0.01 ,-0.01 ,0.04 ,0.06 ,0.05 ,0.03 ,0.04 ,-0.02 ,-0.01 ,0.02 ,0.00 ,-0.03 
10/28,0.00 ,-0.06 ,0.06 ,0.01 ,-0.03 ,-0.01 ,-0.03 ,0.00 ,0.06 ,-0.08 ,-0.01 ,0.00 ,0.00 ,0.02 ,-0.01 ,-0.02 ,0.04 ,0.04 ,-0.04 ,0.00 ,-0.02 ,-0.01 ,0.02 ,0.00 ,-0.02 
11/4,-0.05 ,0.00 ,0.05 ,0.00 ,-0.04 ,0.00 ,-0.06 ,0.00 ,0.02 ,-0.03 ,0.00 ,0.00 ,0.00 ,0.00 ,-0.01 ,0.00 ,0.08 ,0.02 ,0.00 ,0.00 ,-0.03 ,0.00 ,0.01 ,0.00 ,-0.02 
11/11,0.00 ,0.00 ,0.00 ,0.00 ,-0.09 ,0.02 ,-0.10 ,0.00 ,0.00 ,-0.05 ,0.00 ,0.00 ,0.00 ,0.00 ,-0.01 ,-0.06 ,0.00 ,0.00 ,-0.01 ,0.02 ,-0.01 ,0.00 ,0.00 ,0.00 ,-0.01 
11/18,0.00 ,0.00 ,-0.02 ,0.03 ,-0.06 ,0.05 ,-0.07 ,0.00 ,0.02 ,-0.04 ,0.01 ,-0.02 ,0.10 ,-0.03 ,-0.01 ,0.00 ,0.03 ,0.02 ,-0.05 ,0.00 ,-0.05 ,0.00 ,0.01 ,0.00 ,0.00 
11/25,0.00 ,0.00 ,-0.01 ,0.12 ,-0.07 ,0.05 ,-0.03 ,0.00 ,0.06 ,-0.04 ,-0.02 ,-0.02 ,0.03 ,0.00 ,-0.01 ,0.00 ,0.00 ,0.00 ,-0.04 ,0.06 ,-0.01 ,0.00 ,0.00 ,-0.01 ,-0.01 
12/2,-0.02 ,0.00 ,-0.01 ,0.04 ,-0.06 ,0.04 ,-0.02 ,0.00 ,0.00 ,-0.02 ,0.00 ,0.00 ,0.00 ,0.00 ,0.01 ,-0.03 ,0.00 ,0.03 ,-0.06 ,0.00 ,-0.05 ,0.01 ,0.01 ,-0.01 ,-0.05 
12/9,-0.03 ,0.00 ,-0.02 ,0.00 ,-0.04 ,0.00 ,-0.06 ,0.00 ,0.01 ,-0.01 ,0.00 ,0.00 ,0.01 ,0.00 ,0.02 ,0.00 ,0.00 ,0.00 ,-0.02 ,0.00 ,-0.02 ,0.01 ,0.02 ,0.01 ,-0.01 
12/16,-0.01 ,0.00 ,0.00 ,0.07 ,-0.06 ,0.02 ,-0.02 ,0.00 ,0.01 ,-0.04 ,-0.03 ,0.00 ,0.05 ,0.00 ,0.06 ,0.00 ,-0.01 ,0.01 ,0.00 ,0.00 ,-0.05 ,0.01 ,0.05 ,0.00 ,0.03 
12/23,0.00 ,0.00 ,0.00 ,0.00 ,0.01 ,0.00 ,-0.02 ,0.00 ,0.01 ,-0.01 ,0.00 ,0.00 ,0.02 ,-0.03 ,0.04 ,0.01 ,0.00 ,0.00 ,0.00 ,0.01 ,-0.03 ,0.01 ,0.03 ,0.02 ,0.02 
12/30,0.01 ,0.00 ,0.01 ,0.00 ,-0.02 ,-0.05 ,-0.03 ,0.00 ,0.03 ,-0.02 ,0.00 ,0.00 ,0.01 ,0.00 ,0.01 ,0.00 ,0.00 ,0.00 ,-0.01 ,0.02 ,-0.02 ,0.02 ,0.02 ,0.02 ,0.04 
14/1/6,0.01 ,-0.01 ,0.00 ,0.00 ,-0.03 ,-0.01 ,-0.01 ,0.00 ,0.00 ,-0.02 ,-0.03 ,0.00 ,0.04 ,0.00 ,0.04 ,-0.05 ,0.05 ,0.00 ,0.00 ,0.02 ,-0.01 ,0.02 ,0.02 ,0.02 ,0.02 
1/13,0.00 ,-0.02 ,0.00 ,0.00 ,-0.01 ,0.01 ,-0.04 ,0.00 ,0.04 ,-0.03 ,-0.03 ,0.00 ,0.00 ,0.00 ,0.09 ,-0.01 ,0.00 ,0.00 ,-0.02 ,0.01 ,0.00 ,0.05 ,0.08 ,0.03 ,-0.03 
1/20,0.00 ,0.02 ,0.00 ,0.06 ,-0.01 ,0.00 ,-0.01 ,-0.02 ,0.05 ,-0.04 ,-0.02 ,0.00 ,0.13 ,0.00 ,0.13 ,0.03 ,0.01 ,0.01 ,0.00 ,0.07 ,0.02 ,0.05 ,0.05 ,0.01 ,0.04 
1/27,0.15 ,0.02 ,0.01 ,0.12 ,0.04 ,0.01 ,0.02 ,-0.01 ,0.20 ,-0.03 ,0.04 ,0.00 ,0.09 ,0.00 ,0.08 ,0.07 ,0.04 ,0.03 ,0.02 ,0.06 ,0.06 ,0.11 ,0.06 ,0.01 ,0.04 
2/3,0.16 ,0.00 ,0.01 ,0.17 ,0.03 ,0.09 ,0.07 ,-0.04 ,0.02 ,-0.01 ,0.13 ,0.00 ,0.11 ,0.02 ,0.08 ,0.05 ,0.01 ,0.09 ,0.00 ,0.05 ,0.06 ,0.09 ,0.04 ,0.00 ,0.01 
2/17,0.08 ,0.04 ,0.05 ,0.05 ,0.04 ,0.13 ,0.05 ,0.01 ,0.04 ,-0.01 ,0.05 ,0.00 ,0.04 ,0.02 ,0.10 ,0.05 ,0.01 ,0.02 ,0.01 ,0.11 ,0.05 ,0.08 ,0.11 ,0.01 ,0.06 
2/24,0.13 ,0.09 ,0.06 ,0.00 ,0.05 ,0.03 ,0.05 ,0.09 ,0.03 ,-0.03 ,0.04 ,0.00 ,0.00 ,0.02 ,0.14 ,0.09 ,0.08 ,0.03 ,0.00 ,-0.03 ,0.01 ,0.15 ,0.17 ,0.07 ,0.07 
3/3,0.05 ,0.09 ,0.07 ,0.02 ,0.08 ,0.09 ,0.04 ,0.00 ,0.08 ,-0.01 ,0.04 ,0.00 ,0.00 ,0.02 ,0.15 ,0.00 ,0.01 ,0.13 ,0.02 ,0.08 ,0.04 ,0.13 ,0.14 ,0.03 ,0.03 
3/10,0.02 ,0.22 ,0.04 ,0.03 ,0.05 ,0.03 ,0.02 ,0.00 ,0.09 ,-0.04 ,0.02 ,0.00 ,0.00 ,0.00 ,0.06 ,0.01 ,-0.01 ,0.04 ,0.03 ,0.01 ,0.05 ,0.08 ,0.11 ,0.07 ,0.01 
3/17,0.07 ,0.00 ,0.01 ,0.11 ,0.15 ,0.02 ,0.04 ,0.01 ,0.12 ,-0.03 ,0.04 ,0.02 ,0.02 ,0.05 ,0.03 ,0.09 ,0.00 ,0.04 ,0.01 ,0.06 ,0.03 ,0.03 ,0.02 ,0.01 ,0.03 
3/24,0.03 ,0.00 ,0.01 ,0.07 ,0.07 ,0.00 ,0.07 ,0.07 ,0.02 ,-0.04 ,0.04 ,0.00 ,0.00 ,0.03 ,-0.02 ,0.04 ,0.00 ,0.05 ,0.04 ,0.10 ,0.07 ,0.01 ,0.03 ,0.01 ,0.05 
3/31,0.00 ,0.00 ,0.01 ,0.00 ,0.14 ,0.01 ,0.01 ,0.03 ,0.01 ,-0.03 ,0.04 ,0.00 ,0.00 ,0.00 ,0.00 ,0.00 ,0.00 ,0.01 ,0.00 ,0.06 ,0.02 ,0.04 ,-0.01 ,0.02 ,-0.01 
4/7,0.03 ,0.00 ,0.00 ,0.00 ,0.03 ,0.00 ,0.00 ,0.00 ,0.03 ,-0.01 ,0.01 ,0.00 ,0.00 ,0.05 ,-0.01 ,0.00 ,0.00 ,0.00 ,0.00 ,0.00 ,0.01 ,0.06 ,0.00 ,-0.02 ,-0.01 
4/14,0.02 ,0.00 ,0.02 ,0.00 ,0.00 ,0.01 ,0.02 ,-0.02 ,0.00 ,0.00 ,0.01 ,0.00 ,-0.02 ,0.00 ,-0.01 ,-0.02 ,-0.03 ,0.01 ,0.00 ,0.00 ,0.01 ,0.01 ,-0.01 ,-0.01 ,-0.01 
4/21,-0.02 ,0.00 ,-0.01 ,0.00 ,0.00 ,0.05 ,0.00 ,0.00 ,-0.02 ,-0.04 ,0.01 ,0.02 ,0.00 ,0.00 ,-0.01 ,-0.01 ,-0.05 ,0.00 ,0.00 ,0.00 ,0.00 ,0.00 ,-0.01 ,-0.01 ,-0.01 
4/28,0.00 ,0.00 ,-0.04 ,0.00 ,0.00 ,0.00 ,0.00 ,0.00 ,0.00 ,-0.05 ,0.00 ,0.00 ,0.00 ,0.00 ,-0.03 ,0.00 ,0.00 ,-0.02 ,-0.02 ,-0.07 ,0.02 ,-0.02 ,-0.01 ,0.00 ,0.00 
5/12,-0.05 ,0.00 ,-0.02 ,-0.03 ,0.03 ,-0.03 ,-0.01 ,0.00 ,0.00 ,-0.09 ,0.00 ,0.00 ,-0.03 ,0.03 ,-0.01 ,-0.04 ,-0.04 ,0.00 ,-0.02 ,-0.01 ,0.03 ,-0.03 ,-0.01 ,0.00 ,0.00 
5/19,-0.04 ,-0.03 ,-0.03 ,-0.01 ,0.00 ,0.00 ,0.00 ,-0.11 ,0.00 ,-0.05 ,-0.01 ,-0.04 ,-0.03 ,0.00 ,-0.07 ,-0.04 ,-0.14 ,-0.05 ,0.00 ,-0.11 ,-0.01 ,-0.04 ,-0.03 ,-0.04 ,-0.06 
5/26,-0.05 ,-0.03 ,-0.03 ,0.00 ,0.01 ,0.00 ,0.00 ,-0.04 ,0.00 ,-0.04 ,-0.02 ,0.00 ,0.00 ,-0.04 ,0.03 ,-0.03 ,-0.21 ,-0.03 ,-0.04 ,-0.12 ,0.00 ,-0.03 ,-0.02 ,-0.02 ,0.00 
6/2,0.00 ,-0.05 ,-0.02 ,-0.06 ,-0.02 ,0.00 ,0.00 ,0.00 ,0.00 ,-0.04 ,-0.01 ,0.00 ,0.00 ,0.00 ,-0.03 ,0.00 ,0.00 ,-0.01 ,-0.02 ,-0.05 ,0.00 ,-0.01 ,-0.01 ,-0.03 ,-0.02 
6/9,0.00 ,0.00 ,0.00 ,0.00 ,-0.02 ,0.00 ,0.00 ,-0.02 ,0.00 ,-0.06 ,0.00 ,0.00 ,0.00 ,0.00 ,-0.01 ,0.00 ,-0.02 ,0.00 ,0.00 ,0.00 ,0.00 ,-0.01 ,-0.01 ,-0.02 ,-0.03 
6/16,-0.01 ,-0.02 ,0.00 ,-0.02 ,-0.02 ,0.00 ,-0.01 ,-0.02 ,0.00 ,-0.02 ,-0.01 ,0.00 ,0.00 ,0.00 ,-0.01 ,-0.02 ,0.00 ,0.00 ,0.00 ,0.00 ,-0.01 ,0.00 ,-0.02 ,-0.02 ,-0.03 
6/23,0.03 ,0.00 ,0.00 ,0.00 ,-0.02 ,0.00 ,-0.01 ,-0.01 ,0.02 ,-0.01 ,0.00 ,0.00 ,0.00 ,0.00 ,0.04 ,0.01 ,-0.12 ,0.00 ,0.00 ,0.00 ,-0.02 ,0.03 ,0.00 ,-0.01 ,-0.05 
6/30,0.00 ,0.00 ,0.01 ,-0.03 ,0.00 ,-0.01 ,0.00 ,-0.01 ,0.01 ,-0.02 ,-0.01 ,0.00 ,-0.01 ,0.00 ,0.03 ,0.02 ,-0.01 ,0.00 ,-0.07 ,0.00 ,0.00 ,0.04 ,-0.01 ,0.00 ,-0.01 
7/7,0.04 ,0.00 ,0.00 ,-0.02 ,0.00 ,-0.01 ,0.00 ,0.00 ,0.00 ,-0.03 ,-0.02 ,0.00 ,0.00 ,0.00 ,-0.01 ,0.00 ,-0.01 ,0.04 ,-0.03 ,0.00 ,0.00 ,0.04 ,0.00 ,0.00 ,-0.02 
7/14,0.00 ,-0.02 ,0.02 ,-0.01 ,0.00 ,-0.01 ,-0.04 ,-0.03 ,0.00 ,-0.03 ,0.00 ,0.00 ,-0.02 ,0.00 ,0.00 ,0.00 ,0.00 ,0.00 ,0.00 ,0.00 ,0.00 ,0.03 ,0.01 ,0.00 ,0.01 
7/21,0.00 ,0.00 ,0.01 ,-0.02 ,-0.01 ,0.00 ,-0.01 ,-0.03 ,0.01 ,-0.03 ,0.00 ,0.03 ,-0.07 ,0.01 ,0.01 ,0.00 ,-0.04 ,0.01 ,-0.05 ,0.00 ,0.01 ,0.03 ,0.01 ,-0.01 ,0.05 
7/28,0.01 ,-0.03 ,0.00 ,0.00 ,-0.03 ,0.00 ,0.00 ,0.00 ,0.01 ,0.00 ,0.00 ,0.00 ,-0.01 ,-0.01 ,0.06 ,0.02 ,-0.15 ,-0.02 ,-0.07 ,0.00 ,0.00 ,0.07 ,0.00 ,-0.02 ,0.00 
8/4,0.00 ,0.00 ,0.00 ,-0.04 ,0.00 ,-0.01 ,0.02 ,-0.04 ,0.03 ,0.00 ,0.00 ,-0.05 ,-0.03 ,-0.03 ,0.14 ,0.01 ,-0.10 ,0.00 ,-0.02 ,0.00 ,0.00 ,0.20 ,0.01 ,-0.04 ,0.01 
8/11,0.01 ,0.03 ,0.01 ,0.00 ,-0.01 ,0.01 ,0.00 ,0.02 ,0.05 ,-0.05 ,0.01 ,0.00 ,0.00 ,-0.03 ,0.09 ,0.07 ,-0.11 ,0.02 ,0.00 ,-0.02 ,0.04 ,0.16 ,0.03 ,-0.01 ,0.02 
8/18,0.00 ,0.04 ,0.09 ,0.00 ,0.01 ,0.09 ,0.03 ,0.02 ,0.03 ,-0.06 ,0.04 ,0.00 ,0.07 ,0.00 ,0.17 ,0.06 ,-0.01 ,0.10 ,0.06 ,0.00 ,0.00 ,0.08 ,0.05 ,0.00 ,0.06 
8/25,0.05 ,0.03 ,0.11 ,0.01 ,0.11 ,0.06 ,0.07 ,0.04 ,0.06 ,-0.02 ,0.02 ,0.00 ,0.04 ,-0.06 ,0.19 ,0.11 ,0.00 ,0.03 ,0.01 ,0.04 ,0.00 ,0.10 ,0.07 ,0.01 ,0.00 
9/1,0.02 ,0.03 ,0.01 ,0.02 ,0.03 ,0.05 ,0.03 ,0.07 ,0.02 ,-0.03 ,0.05 ,0.03 ,0.02 ,0.00 ,0.20 ,0.16 ,0.00 ,0.03 ,0.01 ,0.00 ,0.03 ,0.06 ,0.08 ,0.05 ,0.04 
9/15,0.05 ,0.18 ,0.19 ,0.04 ,0.00 ,0.16 ,0.15 ,0.09 ,0.02 ,0.00 ,0.10 ,0.00 ,0.10 ,0.00 ,0.34 ,0.22 ,0.00 ,0.04 ,0.06 ,0.02 ,0.08 ,0.27 ,0.22 ,0.48 ,0.04 
9/22,0.03 ,0.05 ,0.12 ,0.08 ,0.04 ,0.07 ,0.00 ,0.00 ,0.04 ,0.05 ,0.01 ,0.00 ,0.10 ,0.05 ,0.17 ,0.14 ,0.10 ,0.08 ,0.02 ,0.19 ,0.03 ,0.27 ,0.18 ,0.17 ,0.08 
9/29,0.03 ,0.04 ,0.05 ,0.10 ,0.10 ,0.11 ,0.07 ,0.00 ,0.01 ,0.05 ,0.04 ,0.00 ,0.04 ,0.04 ,0.06 ,0.10 ,0.04 ,0.01 ,0.15 ,0.11 ,0.03 ,0.22 ,0.06 ,0.19 ,0.06 
10/6,0.02 ,0.01 ,0.15 ,0.04 ,0.04 ,0.06 ,0.05 ,0.00 ,0.03 ,0.03 ,0.00 ,0.02 ,0.07 ,0.01 ,0.06 ,0.10 ,0.00 ,0.00 ,0.00 ,0.02 ,0.12 ,0.15 ,0.04 ,0.17 ,0.01 
10/13,0.02 ,0.21 ,0.06 ,0.08 ,0.01 ,0.00 ,0.04 ,0.00 ,0.07 ,0.00 ,0.04 ,0.00 ,0.10 ,0.01 ,0.07 ,0.03 ,0.01 ,0.00 ,0.00 ,0.15 ,0.06 ,0.09 ,0.07 ,0.05 ,0.07 
10/20,0.04 ,0.02 ,0.05 ,0.01 ,0.00 ,0.09 ,0.02 ,0.02 ,0.07 ,0.00 ,0.12 ,0.00 ,0.01 ,0.02 ,0.03 ,0.00 ,0.04 ,0.06 ,0.04 ,0.03 ,0.09 ,0.13 ,0.05 ,0.03 ,0.04 
10/27,0.00 ,0.03 ,0.02 ,0.03 ,0.02 ,0.02 ,0.06 ,0.00 ,0.01 ,0.01 ,0.01 ,0.05 ,0.03 ,0.00 ,0.00 ,0.02 ,0.01 ,0.00 ,0.00 ,0.13 ,0.04 ,0.02 ,-0.01 ,0.04 ,0.01 
11/3,0.00 ,0.00 ,0.00 ,0.00 ,0.00 ,0.10 ,0.04 ,0.06 ,0.02 ,0.03 ,0.04 ,0.05 ,0.00 ,0.01 ,-0.02 ,0.01 ,0.05 ,0.00 ,0.00 ,0.03 ,0.04 ,0.01 ,-0.01 ,0.08 ,0.01 
11/10,0.00 ,0.03 ,0.04 ,0.02 ,0.00 ,0.04 ,0.06 ,0.04 ,0.05 ,0.00 ,0.00 ,0.04 ,0.00 ,0.00 ,-0.01 ,-0.01 ,0.02 ,0.00 ,0.03 ,0.21 ,0.03 ,0.00 ,0.00 ,0.01 ,0.04 
11/17,0.02 ,0.03 ,0.06 ,0.02 ,0.03 ,0.01 ,0.06 ,0.00 ,0.00 ,0.02 ,0.05 ,0.00 ,0.00 ,0.00 ,-0.02 ,-0.01 ,0.02 ,0.00 ,0.00 ,0.00 ,0.05 ,0.00 ,-0.01 ,0.02 ,0.01 
11/24,0.02 ,0.05 ,0.01 ,0.01 ,0.01 ,0.00 ,0.02 ,0.07 ,0.01 ,-0.02 ,0.06 ,0.03 ,0.00 ,-0.10 ,-0.02 ,-0.01 ,0.00 ,-0.02 ,-0.04 ,0.00 ,0.00 ,0.00 ,-0.01 ,0.00 ,0.00 
12/1,-0.01 ,0.02 ,0.03 ,0.00 ,0.00 ,0.05 ,-0.02 ,0.01 ,0.00 ,-0.01 ,0.06 ,0.17 ,-0.02 ,-0.03 ,-0.01 ,-0.02 ,-0.01 ,0.00 ,0.00 ,0.00 ,0.00 ,0.00 ,-0.01 ,0.03 ,0.00 
12/8,-0.01 ,0.00 ,0.01 ,0.00 ,0.00 ,0.01 ,0.00 ,0.08 ,0.02 ,0.00 ,0.02 ,0.00 ,-0.02 ,0.00 ,-0.01 ,-0.04 ,0.00 ,-0.04 ,0.00 ,0.00 ,-0.02 ,-0.02 ,-0.01 ,0.02 ,-0.01 
12/15,0.00 ,0.00 ,0.01 ,0.00 ,-0.02 ,0.00 ,0.00 ,0.08 ,0.00 ,0.00 ,0.00 ,0.00 ,-0.01 ,0.00 ,-0.01 ,-0.02 ,0.00 ,-0.02 ,0.00 ,0.00 ,0.00 ,-0.01 ,-0.01 ,0.01 ,0.00 
12/22,0.00 ,0.00 ,0.05 ,0.02 ,0.00 ,0.02 ,0.00 ,0.03 ,0.05 ,0.00 ,0.00 ,0.04 ,-0.01 ,0.00 ,-0.01 ,0.00 ,0.00 ,-0.02 ,0.00 ,0.00 ,0.00 ,-0.01 ,-0.01 ,0.00 ,0.00 
12/29,0.00 ,0.00 ,0.01 ,0.01 ,0.00 ,0.00 ,0.00 ,0.00 ,0.07 ,0.00 ,0.00 ,0.01 ,-0.01 ,0.05 ,0.05 ,0.06 ,0.00 ,-0.01 ,0.00 ,0.00 ,0.00 ,0.00 ,0.04 ,0.01 ,0.02 
15/1/5,0.00 ,0.00 ,0.02 ,0.05 ,0.03 ,0.05 ,0.00 ,0.00 ,0.01 ,-0.01 ,0.03 ,0.04 ,-0.01 ,0.03 ,0.11 ,0.08 ,0.03 ,0.00 ,0.00 ,0.03 ,0.00 ,0.02 ,0.02 ,0.00 ,0.01 
1/12,0.02 ,0.00 ,0.08 ,0.02 ,0.00 ,0.03 ,0.09 ,0.04 ,0.01 ,0.00 ,0.00 ,0.06 ,0.00 ,0.01 ,0.05 ,0.06 ,0.06 ,0.00 ,0.00 ,0.11 ,0.00 ,0.02 ,0.01 ,0.05 ,0.00 
1/19,0.00 ,0.00 ,0.01 ,0.00 ,0.06 ,0.02 ,0.01 ,0.11 ,0.03 ,0.01 ,0.00 ,0.05 ,0.00 ,0.00 ,0.06 ,0.00 ,0.00 ,0.00 ,0.00 ,0.00 ,0.00 ,0.02 ,0.02 ,0.00 ,0.00 
1/26,0.02 ,0.00 ,0.05 ,0.02 ,0.02 ,0.09 ,0.07 ,0.01 ,0.03 ,0.04 ,-0.01 ,0.06 ,0.00 ,0.00 ,0.07 ,0.13 ,0.06 ,0.00 ,0.08 ,0.10 ,0.03 ,0.04 ,0.03 ,0.00 ,0.05 
2/2,0.09 ,0.08 ,0.10 ,0.07 ,0.09 ,0.07 ,0.03 ,0.08 ,0.12 ,0.00 ,0.02 ,0.06 ,0.03 ,0.01 ,0.06 ,0.06 ,0.02 ,0.02 ,0.04 ,0.01 ,0.04 ,0.06 ,0.03 ,0.04 ,0.04 
2/9,0.03 ,0.00 ,0.02 ,0.07 ,0.11 ,-0.01 ,0.15 ,0.05 ,0.11 ,0.08 ,0.12 ,0.10 ,0.04 ,0.08 ,0.04 ,0.31 ,0.10 ,0.04 ,0.03 ,0.04 ,0.05 ,0.20 ,0.06 ,0.05 ,0.08 
2/23,0.04 ,0.01 ,0.11 ,0.03 ,0.14 ,0.10 ,0.20 ,0.07 ,0.07 ,0.06 ,0.09 ,0.04 ,0.06 ,0.00 ,0.11 ,0.17 ,0.07 ,0.05 ,0.01 ,0.08 ,0.03 ,0.17 ,0.05 ,0.00 ,0.01 
3/2,0.07 ,0.15 ,0.12 ,0.09 ,0.04 ,0.06 ,0.14 ,0.09 ,0.16 ,0.01 ,0.14 ,0.00 ,0.04 ,0.02 ,0.22 ,0.23 ,0.29 ,0.08 ,0.08 ,0.01 ,0.09 ,0.05 ,0.07 ,0.07 ,0.02 
3/9,0.12 ,0.24 ,0.19 ,0.21 ,0.16 ,0.27 ,0.09 ,0.17 ,0.13 ,0.09 ,0.07 ,0.04 ,0.11 ,0.07 ,0.13 ,0.12 ,0.12 ,0.15 ,0.10 ,0.12 ,0.20 ,0.14 ,0.06 ,0.15 ,0.08 
3/16,0.07 ,0.04 ,0.18 ,0.26 ,0.01 ,0.08 ,0.27 ,0.26 ,0.16 ,0.12 ,0.16 ,0.18 ,0.02 ,0.06 ,0.20 ,0.17 ,0.20 ,0.10 ,0.09 ,0.27 ,0.28 ,0.09 ,0.09 ,0.26 ,0.03 
3/23,0.17 ,0.14 ,0.17 ,0.06 ,0.12 ,0.15 ,0.22 ,0.14 ,0.16 ,0.15 ,0.03 ,0.14 ,0.16 ,0.10 ,0.13 ,0.32 ,0.24 ,0.02 ,0.25 ,0.24 ,0.08 ,0.28 ,0.10 ,0.24 ,0.04 
3/30,0.05 ,0.03 ,0.15 ,0.07 ,0.03 ,0.12 ,0.16 ,0.18 ,0.18 ,0.09 ,0.13 ,0.08 ,0.04 ,0.00 ,0.06 ,0.23 ,0.26 ,0.15 ,0.24 ,0.19 ,0.19 ,0.19 ,0.05 ,0.18 ,0.04 
4/6,0.14 ,0.04 ,0.18 ,0.04 ,0.16 ,0.21 ,0.07 ,0.06 ,0.19 ,0.03 ,0.15 ,0.03 ,0.07 ,0.16 ,0.15 ,0.08 ,0.15 ,0.14 ,0.22 ,0.05 ,0.19 ,0.23 ,0.17 ,0.08 ,0.04 
4/13,0.01 ,0.12 ,0.19 ,0.06 ,0.05 ,0.05 ,0.06 ,0.15 ,0.13 ,0.09 ,0.15 ,0.06 ,0.02 ,0.08 ,0.11 ,0.15 ,0.16 ,0.10 ,0.14 ,0.08 ,0.12 ,0.25 ,0.06 ,0.14 ,0.08 
4/20,0.03 ,0.04 ,0.06 ,0.18 ,0.13 ,0.21 ,0.07 ,0.11 ,0.20 ,0.10 ,0.15 ,0.01 ,0.02 ,0.17 ,0.13 ,0.12 ,0.07 ,0.17 ,0.11 ,0.03 ,0.17 ,0.13 ,0.09 ,0.18 ,0.14 
4/27,0.14 ,0.06 ,0.03 ,0.07 ,0.02 ,0.12 ,0.10 ,0.09 ,0.15 ,0.05 ,0.04 ,0.00 ,0.07 ,0.10 ,0.14 ,0.27 ,0.15 ,0.23 ,0.10 ,0.04 ,0.08 ,0.16 ,0.06 ,0.04 ,0.03 
5/4,0.06 ,0.02 ,0.02 ,0.04 ,0.13 ,0.02 ,0.02 ,0.00 ,0.06 ,0.04 ,0.13 ,0.01 ,0.02 ,0.00 ,0.12 ,0.04 ,0.07 ,0.12 ,0.04 ,0.06 ,0.04 ,0.06 ,0.04 ,0.11 ,0.07 
5/11,0.07 ,0.05 ,0.13 ,0.00 ,0.20 ,0.05 ,0.14 ,0.04 ,0.23 ,0.08 ,0.02 ,0.00 ,0.13 ,0.13 ,0.10 ,0.10 ,0.25 ,0.03 ,0.21 ,0.10 ,0.18 ,0.05 ,0.02 ,0.10 ,0.29 
5/18,0.04 ,0.03 ,0.10 ,0.01 ,0.12 ,0.13 ,0.08 ,0.19 ,0.05 ,0.01 ,0.00 ,0.06 ,0.11 ,0.15 ,0.21 ,0.09 ,0.21 ,0.05 ,0.15 ,0.00 ,0.04 ,0.13 ,0.18 ,0.07 ,0.13 
5/25,0.07 ,0.06 ,0.09 ,0.10 ,0.06 ,0.07 ,0.05 ,0.03 ,0.11 ,0.07 ,0.11 ,0.00 ,0.06 ,0.03 ,0.16 ,0.03 ,0.12 ,0.05 ,0.16 ,0.00 ,0.08 ,0.07 ,0.10 ,0.08 ,0.15 
6/1,0.15 ,0.03 ,0.05 ,0.20 ,0.04 ,0.08 ,0.10 ,0.05 ,0.20 ,0.07 ,0.04 ,0.05 ,0.15 ,0.02 ,0.25 ,0.21 ,0.15 ,0.14 ,0.05 ,0.03 ,0.11 ,0.11 ,0.10 ,0.10 ,0.26 
6/8,0.10 ,0.04 ,0.00 ,0.05 ,0.09 ,0.17 ,0.07 ,0.00 ,0.10 ,0.03 ,0.06 ,0.06 ,0.05 ,0.17 ,0.11 ,0.13 ,0.15 ,0.03 ,0.15 ,0.03 ,0.11 ,0.12 ,0.08 ,0.14 ,0.16 
6/15,0.02 ,0.07 ,0.07 ,0.00 ,0.17 ,0.05 ,0.03 ,0.05 ,0.16 ,0.10 ,0.12 ,0.02 ,0.08 ,0.02 ,0.10 ,0.04 ,0.10 ,0.10 ,0.15 ,0.06 ,0.02 ,0.12 ,0.03 ,0.12 ,0.14 
6/22,0.12 ,0.19 ,0.11 ,0.19 ,0.13 ,0.18 ,0.09 ,0.11 ,0.15 ,0.12 ,0.00 ,0.05 ,0.05 ,0.11 ,0.10 ,0.16 ,0.16 ,0.19 ,0.24 ,0.21 ,0.07 ,0.05 ,0.05 ,0.08 ,0.14 
6/29,0.10 ,0.15 ,0.07 ,0.11 ,0.21 ,0.09 ,0.12 ,0.07 ,0.09 ,0.07 ,0.02 ,0.10 ,0.07 ,0.14 ,0.11 ,0.12 ,0.26 ,0.15 ,0.09 ,0.04 ,0.13 ,0.10 ,0.08 ,0.05 ,0.10 
7/6,0.02 ,0.07 ,0.09 ,0.13 ,0.07 ,0.07 ,0.10 ,0.14 ,0.13 ,0.08 ,0.02 ,0.07 ,0.24 ,0.06 ,0.14 ,0.25 ,0.25 ,0.16 ,0.09 ,0.10 ,0.15 ,0.11 ,0.11 ,0.08 ,0.17 
7/13,0.12 ,0.22 ,0.04 ,0.14 ,0.10 ,0.20 ,0.01 ,0.11 ,0.09 ,0.06 ,0.02 ,0.03 ,0.01 ,0.08 ,0.22 ,0.09 ,0.13 ,0.18 ,0.20 ,0.11 ,0.19 ,0.10 ,0.06 ,0.16 ,0.12 
7/20,0.10 ,0.20 ,0.11 ,0.10 ,0.16 ,0.10 ,0.10 ,0.19 ,0.22 ,0.03 ,0.06 ,0.07 ,0.10 ,0.15 ,0.28 ,0.22 ,0.22 ,0.19 ,0.13 ,0.17 ,0.16 ,0.26 ,0.21 ,0.22 ,0.16 
7/27,0.09 ,0.15 ,0.17 ,0.16 ,0.07 ,0.08 ,0.04 ,0.08 ,0.12 ,0.01 ,0.11 ,0.02 ,0.04 ,0.03 ,0.19 ,0.19 ,0.18 ,0.11 ,0.17 ,0.03 ,0.09 ,0.26 ,0.03 ,0.21 ,0.11 
8/3,0.15 ,0.13 ,0.03 ,0.09 ,0.14 ,0.11 ,0.12 ,0.16 ,0.19 ,0.01 ,0.05 ,0.00 ,0.02 ,0.09 ,0.18 ,0.11 ,0.02 ,0.18 ,0.11 ,0.00 ,0.09 ,0.20 ,0.02 ,0.07 ,0.14 
8/10,0.23 ,0.09 ,0.22 ,0.24 ,0.04 ,0.05 ,0.13 ,0.09 ,0.21 ,0.01 ,0.15 ,0.03 ,0.09 ,0.04 ,0.24 ,0.09 ,0.13 ,0.10 ,0.17 ,0.00 ,0.14 ,0.08 ,0.14 ,0.09 ,0.26 
8/17,0.22 ,0.08 ,0.19 ,0.17 ,0.05 ,0.08 ,0.00 ,0.03 ,0.27 ,0.00 ,0.10 ,0.00 ,0.01 ,0.06 ,0.18 ,0.13 ,0.21 ,0.10 ,0.21 ,0.22 ,0.21 ,0.25 ,0.05 ,0.15 ,0.26 
8/24,0.07 ,0.11 ,0.20 ,0.16 ,0.00 ,0.06 ,0.04 ,0.19 ,0.19 ,0.07 ,0.05 ,0.00 ,0.26 ,0.15 ,0.10 ,0.00 ,0.10 ,0.14 ,0.17 ,0.04 ,0.25 ,0.21 ,0.07 ,0.13 ,0.13 
8/31,0.20 ,0.04 ,0.10 ,0.11 ,0.01 ,0.10 ,0.24 ,0.20 ,0.28 ,0.02 ,0.02 ,0.10 ,0.18 ,0.01 ,0.13 ,0.17 ,0.17 ,0.23 ,0.21 ,0.13 ,0.22 ,0.11 ,0.15 ,0.10 ,0.25 
9/7,0.24 ,0.10 ,0.19 ,0.21 ,0.02 ,0.15 ,0.11 ,0.19 ,0.27 ,0.06 ,0.15 ,0.02 ,0.08 ,0.13 ,0.07 ,0.15 ,0.16 ,0.14 ,0.17 ,0.05 ,0.21 ,0.17 ,0.12 ,0.15 ,0.22 
9/14,0.12 ,0.06 ,0.18 ,0.24 ,0.14 ,0.15 ,0.14 ,0.21 ,0.25 ,0.13 ,0.18 ,0.17 ,0.00 ,0.02 ,0.13 ,0.07 ,0.17 ,0.03 ,0.26 ,0.06 ,0.25 ,0.24 ,0.08 ,0.20 ,0.16 
9/21,0.17 ,0.01 ,0.18 ,0.18 ,0.17 ,0.08 ,0.07 ,0.16 ,0.19 ,0.14 ,0.23 ,0.06 ,0.00 ,0.14 ,0.18 ,0.10 ,0.18 ,0.12 ,0.21 ,0.21 ,0.25 ,0.04 ,0.12 ,0.14 ,0.22 
10/5,0.23 ,0.01 ,0.19 ,0.24 ,0.28 ,0.22 ,0.16 ,0.20 ,0.23 ,0.13 ,0.09 ,0.06 ,0.13 ,0.15 ,0.25 ,0.10 ,0.27 ,0.12 ,0.22 ,0.29 ,0.05 ,0.17 ,0.05 ,0.24 ,0.27 
10/12,0.11 ,0.17 ,0.15 ,0.11 ,0.12 ,0.14 ,0.12 ,0.16 ,0.22 ,0.10 ,0.11 ,0.00 ,0.03 ,0.05 ,0.20 ,0.13 ,0.25 ,0.09 ,0.10 ,0.09 ,0.13 ,0.11 ,0.22 ,0.24 ,0.29 
10/19,0.16 ,0.06 ,0.18 ,0.21 ,0.19 ,0.08 ,0.05 ,0.07 ,0.19 ,0.03 ,0.12 ,0.01 ,0.10 ,0.09 ,0.19 ,0.13 ,0.22 ,0.12 ,0.17 ,0.00 ,0.13 ,0.15 ,0.21 ,0.23 ,0.10 
10/26,0.12 ,0.08 ,0.11 ,0.03 ,0.14 ,0.08 ,0.04 ,0.24 ,0.21 ,0.14 ,0.18 ,0.10 ,0.05 ,0.06 ,0.16 ,0.09 ,0.30 ,0.07 ,0.15 ,0.17 ,0.37 ,0.28 ,0.17 ,0.16 ,0.13 
11/2,0.13 ,0.02 ,0.16 ,0.10 ,0.10 ,0.11 ,0.07 ,0.26 ,0.08 ,0.01 ,0.07 ,0.00 ,0.14 ,0.20 ,0.16 ,0.06 ,0.22 ,0.17 ,0.14 ,0.06 ,0.34 ,0.08 ,0.11 ,0.15 ,0.21 
11/9,0.17 ,0.03 ,0.24 ,0.11 ,0.02 ,0.13 ,0.13 ,0.20 ,0.10 ,0.02 ,0.07 ,0.03 ,0.14 ,0.13 ,0.12 ,0.03 ,0.13 ,0.11 ,0.01 ,0.18 ,0.23 ,0.14 ,0.28 ,0.20 ,0.22 
11/16,0.20 ,0.02 ,0.12 ,0.11 ,0.00 ,0.08 ,0.21 ,0.05 ,0.14 ,0.02 ,0.00 ,0.03 ,0.08 ,0.03 ,0.18 ,0.01 ,0.09 ,0.09 ,0.01 ,0.17 ,0.07 ,0.04 ,0.04 ,0.20 ,0.08 
11/23,0.06 ,0.08 ,0.10 ,0.09 ,0.00 ,0.12 ,0.08 ,0.17 ,0.24 ,0.07 ,0.09 ,0.17 ,0.03 ,0.01 ,0.09 ,0.06 ,0.11 ,0.14 ,0.08 ,0.02 ,0.08 ,0.05 ,0.13 ,0.11 ,0.24 
11/30,0.08 ,0.06 ,0.17 ,0.08 ,0.00 ,0.21 ,0.00 ,0.02 ,0.20 ,0.02 ,0.14 ,0.00 ,0.00 ,0.02 ,0.10 ,0.09 ,0.01 ,0.05 ,0.20 ,0.01 ,0.14 ,0.23 ,0.02 ,0.06 ,0.26 
12/7,0.01 ,0.10 ,0.03 ,0.16 ,0.12 ,0.14 ,0.03 ,0.18 ,0.02 ,0.01 ,0.04 ,0.00 ,0.00 ,0.09 ,0.01 ,0.00 ,0.12 ,0.06 ,0.02 ,0.00 ,0.10 ,0.08 ,0.06 ,0.07 ,0.11 
12/14,0.02 ,0.02 ,0.00 ,0.00 ,0.15 ,0.02 ,0.03 ,0.08 ,0.10 ,0.06 ,0.01 ,0.00 ,0.00 ,0.04 ,0.01 ,0.00 ,0.06 ,0.01 ,0.02 ,0.01 ,0.06 ,0.17 ,0.09 ,0.06 ,0.02 
12/21,0.02 ,0.05 ,0.02 ,0.09 ,0.04 ,0.02 ,0.03 ,0.06 ,0.00 ,0.05 ,0.04 ,0.01 ,0.03 ,0.04 ,-0.01 ,0.00 ,0.01 ,0.07 ,0.01 ,0.01 ,0.05 ,0.15 ,0.04 ,0.18 ,0.05 
12/28,0.01 ,0.09 ,0.02 ,0.03 ,0.01 ,0.01 ,0.01 ,0.07 ,0.01 ,0.02 ,0.03 ,0.00 ,0.04 ,0.07 ,-0.03 ,0.03 ,0.08 ,0.05 ,0.01 ,0.11 ,0.06 ,0.00 ,0.05 ,0.04 ,0.02 
16/1/4,0.00 ,0.00 ,-0.02 ,0.00 ,0.05 ,0.07 ,0.04 ,0.02 ,0.00 ,0.01 ,0.02 ,0.00 ,0.06 ,0.07 ,-0.03 ,0.01 ,0.01 ,0.04 ,0.01 ,0.00 ,0.00 ,0.03 ,0.06 ,0.07 ,0.02 
1/11,0.01 ,0.07 ,0.01 ,0.00 ,0.08 ,0.06 ,0.01 ,0.00 ,0.01 ,-0.04 ,0.06 ,0.09 ,0.06 ,0.01 ,-0.01 ,-0.01 ,0.00 ,0.02 ,0.09 ,0.00 ,0.00 ,0.00 ,-0.01 ,0.11 ,0.06 
1/18,0.01 ,0.11 ,0.04 ,0.03 ,0.08 ,0.09 ,0.07 ,0.06 ,0.02 ,0.04 ,0.05 ,0.00 ,0.02 ,0.02 ,0.00 ,0.05 ,0.00 ,0.08 ,0.01 ,0.02 ,0.03 ,0.07 ,0.02 ,0.01 ,0.04 
1/25,0.02 ,0.05 ,0.02 ,0.00 ,0.00 ,0.13 ,0.00 ,0.01 ,0.11 ,0.02 ,0.00 ,0.00 ,0.00 ,0.02 ,-0.02 ,0.09 ,0.12 ,0.00 ,0.14 ,0.00 ,0.03 ,0.00 ,0.04 ,0.00 ,0.10 
2/1,0.15 ,0.04 ,0.03 ,0.00 ,0.10 ,0.17 ,0.05 ,0.00 ,0.07 ,0.03 ,0.00 ,0.00 ,0.00 ,0.10 ,0.00 ,0.01 ,0.00 ,0.02 ,0.09 ,0.08 ,0.00 ,0.00 ,0.01 ,0.03 ,0.02 
2/15,0.05 ,0.05 ,0.06 ,0.01 ,0.12 ,0.02 ,0.09 ,0.08 ,0.01 ,0.00 ,0.07 ,0.08 ,0.00 ,0.00 ,0.04 ,0.01 ,0.02 ,0.08 ,0.01 ,0.05 ,0.00 ,0.02 ,0.00 ,0.07 ,0.09 
2/22,0.06 ,0.04 ,0.02 ,0.00 ,0.00 ,0.05 ,0.07 ,0.03 ,0.04 ,0.00 ,0.03 ,0.02 ,0.00 ,-0.08 ,0.00 ,0.00 ,0.02 ,0.08 ,0.05 ,0.02 ,0.00 ,0.00 ,0.00 ,0.03 ,0.01 
2/29,0.02 ,0.01 ,0.06 ,0.00 ,0.07 ,0.06 ,0.05 ,0.01 ,0.03 ,0.04 ,0.01 ,0.07 ,0.05 ,0.00 ,0.00 ,0.00 ,0.00 ,0.04 ,0.00 ,0.00 ,0.02 ,0.00 ,0.00 ,0.08 ,0.01 
3/7,0.01 ,0.04 ,0.06 ,0.00 ,0.07 ,0.03 ,0.04 ,0.01 ,0.00 ,0.06 ,0.03 ,0.03 ,0.00 ,0.00 ,0.00 ,-0.01 ,0.00 ,0.00 ,0.01 ,0.00 ,0.00 ,0.00 ,0.00 ,0.00 ,0.02 
3/14,0.07 ,0.04 ,0.01 ,0.00 ,0.00 ,0.00 ,0.07 ,0.02 ,0.04 ,0.00 ,0.05 ,0.00 ,0.04 ,-0.02 ,0.00 ,0.00 ,0.04 ,0.04 ,0.02 ,0.07 ,0.00 ,0.00 ,0.01 ,0.00 ,0.03 
3/21,0.02 ,0.04 ,0.06 ,0.01 ,0.06 ,0.05 ,0.06 ,0.06 ,0.04 ,0.00 ,0.06 ,0.02 ,0.00 ,0.00 ,0.02 ,0.00 ,0.03 ,0.09 ,0.01 ,0.00 ,0.03 ,0.00 ,0.00 ,0.00 ,0.08 
3/28,0.02 ,0.03 ,0.06 ,0.04 ,0.00 ,0.06 ,0.00 ,0.05 ,0.08 ,0.00 ,0.06 ,0.04 ,0.00 ,0.00 ,0.02 ,0.00 ,0.05 ,0.03 ,0.04 ,0.02 ,0.00 ,0.00 ,0.00 ,-0.02 ,0.01 
4/4,0.02 ,0.00 ,0.05 ,0.02 ,0.00 ,0.09 ,0.06 ,-0.06 ,0.05 ,0.06 ,0.07 ,0.04 ,0.00 ,0.03 ,0.01 ,0.02 ,0.06 ,0.05 ,0.07 ,0.02 ,0.05 ,0.00 ,0.01 ,0.00 ,0.03 
4/11,0.00 ,0.01 ,0.00 ,0.01 ,0.01 ,0.07 ,0.06 ,-0.03 ,0.02 ,0.03 ,0.07 ,0.01 ,0.00 ,0.01 ,0.12 ,0.02 ,0.03 ,0.00 ,0.03 ,0.05 ,0.04 ,0.09 ,0.03 ,0.00 ,0.05 
4/18,0.05 ,0.04 ,0.05 ,0.01 ,0.02 ,0.09 ,0.09 ,0.00 ,0.02 ,0.06 ,0.09 ,0.07 ,0.00 ,0.00 ,0.08 ,0.05 ,0.08 ,0.09 ,0.01 ,0.09 ,0.05 ,0.06 ,0.06 ,0.00 ,0.06 
4/25,0.02 ,0.03 ,0.01 ,0.00 ,0.04 ,0.12 ,0.12 ,0.04 ,0.03 ,0.04 ,0.07 ,0.00 ,0.00 ,0.02 ,0.08 ,0.05 ,0.09 ,0.02 ,0.02 ,0.02 ,0.07 ,0.14 ,0.06 ,0.01 ,0.06 
5/2,0.02 ,0.04 ,0.06 ,0.03 ,0.06 ,0.03 ,0.11 ,0.07 ,0.03 ,0.04 ,0.01 ,0.05 ,0.05 ,0.03 ,0.11 ,0.07 ,0.07 ,0.02 ,0.00 ,0.03 ,0.05 ,0.14 ,0.07 ,0.04 ,0.07 
5/9,0.05 ,0.07 ,0.04 ,0.00 ,0.06 ,0.05 ,0.08 ,0.05 ,0.00 ,0.05 ,0.06 ,0.03 ,0.04 ,0.06 ,0.14 ,0.09 ,0.07 ,0.02 ,0.03 ,0.03 ,0.07 ,0.13 ,0.07 ,0.01 ,0.07 
5/16,0.01 ,0.00 ,0.02 ,0.06 ,0.05 ,0.10 ,0.06 ,0.07 ,0.04 ,0.01 ,0.01 ,0.09 ,0.08 ,0.00 ,0.13 ,0.03 ,0.06 ,0.07 ,0.05 ,0.01 ,0.00 ,0.14 ,0.11 ,0.03 ,0.10 
5/23,0.09 ,0.04 ,0.00 ,0.10 ,0.11 ,0.11 ,0.12 ,0.02 ,0.04 ,0.04 ,0.05 ,0.00 ,0.11 ,0.09 ,0.13 ,0.05 ,0.07 ,0.08 ,0.08 ,0.00 ,0.05 ,0.14 ,0.09 ,0.10 ,0.12 
5/30,0.01 ,0.06 ,0.06 ,0.00 ,0.00 ,0.14 ,0.04 ,0.07 ,0.07 ,0.09 ,0.01 ,0.00 ,0.04 ,0.00 ,0.15 ,0.12 ,0.11 ,0.08 ,0.03 ,0.07 ,0.03 ,0.15 ,0.13 ,0.05 ,0.12 
6/6,0.04 ,0.08 ,0.05 ,0.11 ,0.11 ,0.09 ,0.08 ,0.08 ,0.03 ,0.12 ,0.08 ,0.04 ,0.09 ,0.10 ,0.18 ,0.15 ,0.13 ,0.09 ,0.05 ,0.11 ,0.03 ,0.16 ,0.18 ,0.09 ,0.13 
6/13,0.11 ,0.15 ,0.05 ,0.06 ,0.15 ,0.16 ,0.10 ,0.14 ,0.03 ,0.20 ,0.09 ,0.07 ,0.15 ,0.02 ,0.27 ,0.17 ,0.16 ,0.02 ,0.02 ,0.15 ,0.12 ,0.26 ,0.25 ,0.18 ,0.17 
6/20,0.16 ,0.15 ,0.07 ,0.11 ,0.09 ,0.16 ,0.14 ,0.15 ,0.01 ,0.17 ,0.14 ,0.01 ,0.07 ,0.00 ,0.25 ,0.15 ,0.13 ,0.15 ,0.05 ,0.14 ,0.13 ,0.22 ,0.23 ,0.16 ,0.18 
6/27,0.10 ,0.10 ,0.11 ,0.15 ,0.00 ,0.16 ,0.15 ,0.11 ,0.13 ,0.14 ,0.12 ,0.07 ,0.02 ,0.00 ,0.28 ,0.11 ,0.17 ,0.15 ,0.09 ,0.13 ,0.14 ,0.25 ,0.23 ,0.11 ,0.18 
7/4,0.11 ,0.08 ,0.10 ,0.12 ,0.04 ,0.18 ,0.11 ,0.14 ,0.13 ,0.14 ,0.13 ,0.05 ,0.07 ,0.12 ,0.20 ,0.09 ,0.17 ,0.16 ,0.10 ,0.06 ,0.12 ,0.24 ,0.22 ,0.14 ,0.18 
7/11,0.01 ,0.10 ,0.13 ,0.08 ,0.06 ,0.16 ,0.09 ,0.12 ,0.08 ,0.14 ,0.12 ,0.05 ,0.10 ,0.03 ,0.16 ,0.10 ,0.10 ,0.10 ,0.13 ,0.07 ,0.16 ,0.05 ,0.20 ,0.14 ,0.12 
7/18,0.07 ,0.12 ,0.16 ,0.10 ,0.15 ,0.10 ,0.07 ,0.18 ,0.14 ,0.15 ,0.11 ,0.08 ,0.06 ,0.03 ,0.14 ,0.07 ,0.14 ,0.13 ,0.09 ,0.09 ,0.15 ,0.15 ,0.22 ,0.16 ,0.10 
7/25,0.07 ,0.11 ,0.10 ,0.08 ,0.09 ,0.12 ,0.10 ,0.12 ,0.13 ,0.17 ,0.06 ,0.01 ,0.06 ,0.00 ,0.20 ,0.11 ,0.12 ,0.15 ,0.11 ,0.11 ,0.16 ,0.20 ,0.19 ,0.16 ,0.10 
8/1,0.01 ,0.20 ,0.02 ,0.00 ,0.05 ,0.10 ,0.09 ,0.11 ,0.07 ,0.12 ,0.05 ,0.04 ,0.06 ,0.10 ,0.14 ,0.06 ,0.04 ,0.04 ,0.03 ,0.10 ,0.01 ,0.18 ,0.17 ,0.10 ,0.12 
8/8,0.00 ,0.14 ,0.09 ,0.03 ,0.03 ,0.12 ,0.13 ,0.05 ,0.06 ,0.10 ,0.08 ,0.06 ,0.10 ,0.07 ,0.20 ,0.09 ,0.10 ,0.08 ,0.05 ,0.10 ,0.05 ,0.16 ,0.16 ,0.14 ,0.17 
8/15,0.07 ,0.01 ,0.08 ,0.05 ,0.09 ,0.17 ,0.12 ,0.06 ,0.11 ,0.12 ,0.07 ,0.07 ,0.10 ,0.07 ,0.14 ,0.10 ,0.08 ,0.13 ,0.07 ,0.09 ,0.08 ,0.17 ,0.17 ,0.17 ,0.17 
8/22,0.09 ,0.05 ,0.10 ,0.06 ,0.08 ,0.16 ,0.11 ,0.10 ,0.10 ,0.11 ,0.10 ,0.05 ,0.10 ,0.04 ,0.22 ,0.13 ,0.09 ,0.10 ,0.09 ,0.08 ,0.08 ,0.19 ,0.19 ,0.19 ,0.13 
8/29,0.14 ,0.10 ,0.14 ,0.07 ,0.15 ,0.15 ,0.13 ,0.14 ,0.12 ,0.16 ,0.12 ,0.01 ,0.10 ,0.11 ,0.25 ,0.16 ,0.15 ,0.13 ,0.13 ,0.01 ,0.10 ,0.24 ,0.25 ,0.22 ,0.21 
9/5,0.12 ,0.09 ,0.15 ,0.07 ,0.15 ,0.12 ,0.09 ,0.11 ,0.15 ,0.15 ,0.06 ,0.08 ,0.07 ,0.11 ,0.20 ,0.15 ,0.15 ,0.17 ,0.08 ,0.06 ,0.09 ,0.23 ,0.24 ,0.22 ,0.19 
9/19,0.12 ,0.12 ,0.14 ,0.02 ,0.18 ,0.14 ,0.14 ,0.09 ,0.16 ,0.19 ,0.11 ,0.12 ,0.08 ,0.11 ,0.25 ,0.19 ,0.16 ,0.12 ,0.17 ,0.02 ,0.13 ,0.25 ,0.27 ,0.22 ,0.18 
9/26,0.10 ,0.04 ,0.16 ,0.09 ,0.16 ,0.14 ,0.19 ,0.11 ,0.14 ,0.20 ,0.10 ,0.07 ,0.08 ,0.11 ,0.27 ,0.22 ,0.22 ,0.13 ,0.16 ,0.04 ,0.12 ,0.26 ,0.25 ,0.25 ,0.22 
10/3,0.16 ,0.10 ,0.17 ,0.00 ,0.14 ,0.20 ,0.23 ,0.17 ,0.15 ,0.19 ,0.16 ,0.02 ,0.11 ,0.11 ,0.21 ,0.13 ,0.16 ,0.13 ,0.14 ,0.06 ,0.13 ,0.26 ,0.23 ,0.22 ,0.19 
10/10,0.17 ,0.08 ,0.16 ,0.18 ,0.19 ,0.24 ,0.23 ,0.18 ,0.20 ,0.20 ,0.20 ,0.12 ,0.16 ,0.12 ,0.27 ,0.18 ,0.21 ,0.12 ,0.17 ,0.12 ,0.16 ,0.27 ,0.28 ,0.24 ,0.25 
10/17,0.14 ,0.15 ,0.19 ,0.20 ,0.16 ,0.24 ,0.25 ,0.13 ,0.14 ,0.21 ,0.16 ,0.13 ,0.11 ,0.17 ,0.28 ,0.20 ,0.22 ,0.09 ,0.24 ,0.05 ,0.19 ,0.28 ,0.27 ,0.23 ,0.26 
10/24,0.19 ,0.18 ,0.07 ,0.10 ,0.24 ,0.26 ,0.23 ,0.08 ,0.19 ,0.19 ,0.08 ,0.17 ,0.11 ,0.10 ,0.13 ,0.22 ,0.10 ,0.00 ,0.17 ,0.12 ,0.22 ,0.15 ,0.25 ,0.19 ,0.24 
10/31,0.18 ,0.08 ,0.15 ,0.05 ,0.12 ,0.22 ,0.23 ,0.18 ,0.22 ,0.18 ,0.07 ,0.05 ,0.10 ,0.13 ,0.13 ,0.18 ,0.07 ,0.12 ,0.12 ,0.01 ,0.22 ,0.07 ,0.22 ,0.12 ,0.19 
11/7,0.03 ,0.07 ,0.12 ,0.11 ,0.07 ,0.14 ,0.05 ,0.12 ,0.13 ,0.07 ,0.12 ,0.00 ,0.02 ,0.11 ,0.05 ,0.05 ,0.09 ,0.02 ,0.08 ,0.08 ,0.12 ,0.05 ,0.11 ,0.07 ,0.11 
11/14,0.00 ,0.05 ,0.09 ,0.11 ,0.13 ,0.21 ,0.13 ,0.06 ,0.14 ,0.05 ,0.10 ,0.00 ,0.05 ,0.01 ,-0.03 ,0.02 ,0.06 ,0.02 ,0.11 ,0.04 ,0.06 ,-0.02 ,-0.01 ,0.10 ,0.08 
11/21,0.08 ,0.09 ,0.03 ,0.00 ,0.00 ,0.08 ,0.13 ,0.07 ,0.09 ,0.11 ,0.14 ,0.01 ,0.00 ,0.05 ,-0.04 ,0.01 ,0.09 ,0.07 ,0.12 ,0.01 ,0.04 ,-0.03 ,-0.02 ,0.09 ,0.07 
11/28,0.04 ,0.00 ,0.07 ,0.02 ,0.05 ,0.10 ,0.08 ,0.03 ,0.01 ,0.02 ,0.05 ,0.00 ,0.05 ,0.07 ,-0.03 ,-0.03 ,0.03 ,0.06 ,0.03 ,0.02 ,0.04 ,-0.04 ,-0.04 ,0.10 ,0.02 
12/5,0.05 ,0.03 ,0.02 ,0.02 ,0.04 ,0.12 ,0.03 ,0.00 ,0.07 ,0.07 ,0.06 ,0.00 ,0.05 ,-0.01 ,-0.03 ,-0.03 ,0.02 ,0.00 ,0.06 ,0.01 ,0.00 ,-0.01 ,-0.04 ,0.04 ,0.01 
12/12,0.00 ,0.06 ,0.04 ,0.01 ,0.00 ,0.08 ,0.00 ,0.01 ,0.02 ,0.05 ,0.04 ,0.04 ,0.05 ,-0.01 ,-0.04 ,-0.06 ,0.05 ,0.01 ,0.06 ,0.00 ,0.03 ,-0.04 ,-0.01 ,0.04 ,0.06 
12/19,0.05 ,0.01 ,0.08 ,0.00 ,0.02 ,0.03 ,0.03 ,0.00 ,0.01 ,0.07 ,0.04 ,0.00 ,0.06 ,0.00 ,-0.04 ,-0.01 ,0.04 ,0.01 ,0.06 ,0.00 ,0.02 ,-0.08 ,-0.02 ,0.06 ,0.09 
12/26,0.03 ,0.00 ,0.03 ,0.00 ,0.00 ,0.00 ,0.03 ,0.00 ,0.00 ,0.00 ,0.03 ,0.03 ,0.04 ,-0.03 ,-0.04 ,0.00 ,0.01 ,0.00 ,0.02 ,0.00 ,0.03 ,-0.09 ,-0.06 ,-0.01 ,0.03 
17/1/2,0.04 ,0.00 ,0.04 ,0.04 ,0.00 ,0.06 ,0.02 ,0.01 ,0.00 ,0.00 ,0.00 ,0.00 ,0.05 ,0.00 ,-0.02 ,0.00 ,0.02 ,0.00 ,0.03 ,0.00 ,0.01 ,-0.06 ,-0.03 ,-0.02 ,0.03 
1/9,0.02 ,0.02 ,0.05 ,0.02 ,0.03 ,0.01 ,0.03 ,0.00 ,-0.02 ,0.01 ,0.06 ,0.00 ,0.02 ,0.00 ,-0.04 ,-0.02 ,0.04 ,0.03 ,0.01 ,0.02 ,0.03 ,-0.03 ,-0.05 ,-0.02 ,0.02 
1/16,0.00 ,0.00 ,0.01 ,0.04 ,0.00 ,0.01 ,0.01 ,0.00 ,0.00 ,0.00 ,0.00 ,0.00 ,0.03 ,0.00 ,-0.01 ,-0.01 ,0.00 ,0.01 ,0.03 ,0.00 ,0.02 ,-0.02 ,-0.03 ,-0.01 ,0.03 
1/23,0.03 ,0.00 ,0.03 ,0.01 ,0.06 ,0.00 ,0.04 ,0.01 ,-0.08 ,0.04 ,0.00 ,0.03 ,0.03 ,-0.02 ,-0.01 ,-0.01 ,0.03 ,0.00 ,0.01 ,0.00 ,0.02 ,-0.02 ,-0.03 ,0.00 ,0.03 
1/30,0.02 ,0.00 ,0.04 ,0.00 ,0.01 ,0.03 ,0.01 ,0.00 ,0.00 ,0.02 ,0.03 ,0.00 ,0.04 ,0.00 ,-0.02 ,-0.02 ,0.04 ,0.00 ,0.00 ,0.01 ,0.00 ,-0.01 ,-0.01 ,0.00 ,0.01 
2/6,0.02 ,-0.05 ,0.04 ,0.02 ,0.00 ,0.05 ,0.00 ,0.05 ,0.00 ,0.03 ,0.00 ,0.00 ,0.02 ,0.00 ,0.00 ,-0.03 ,0.00 ,0.04 ,0.02 ,0.05 ,0.00 ,0.00 ,0.02 ,-0.01 ,0.03 
2/13,0.00 ,0.00 ,0.04 ,0.04 ,0.03 ,0.02 ,0.02 ,0.01 ,-0.01 ,0.00 ,0.04 ,0.04 ,0.00 ,0.00 ,0.00 ,0.00 ,0.00 ,0.00 ,0.03 ,0.04 ,0.00 ,0.01 ,0.02 ,-0.02 ,0.02 
2/20,0.00 ,0.00 ,0.04 ,0.00 ,0.00 ,0.00 ,0.03 ,0.03 ,0.00 ,-0.03 ,0.05 ,0.00 ,0.04 ,0.00 ,0.01 ,-0.01 ,0.02 ,0.00 ,0.03 ,0.01 ,0.01 ,0.03 ,0.03 ,0.00 ,0.01 
2/27,0.02 ,0.02 ,0.05 ,0.04 ,0.00 ,0.00 ,0.03 ,0.03 ,0.01 ,0.02 ,0.00 ,0.02 ,0.00 ,0.03 ,0.07 ,0.00 ,0.02 ,0.02 ,0.03 ,0.00 ,0.02 ,0.10 ,0.04 ,0.07 ,0.02 
3/6,0.01 ,0.00 ,0.06 ,0.00 ,0.02 ,0.02 ,0.03 ,0.03 ,-0.01 ,0.00 ,0.06 ,0.02 ,0.00 ,0.01 ,0.10 ,-0.01 ,0.02 ,0.02 ,0.02 ,0.04 ,0.02 ,0.02 ,0.01 ,0.00 ,0.02 
3/13,0.00 ,0.00 ,0.02 ,0.01 ,0.04 ,0.02 ,0.04 ,0.03 ,0.00 ,0.03 ,0.02 ,0.01 ,0.00 ,0.00 ,0.04 ,0.00 ,0.05 ,0.02 ,0.04 ,0.06 ,0.04 ,0.09 ,0.03 ,-0.03 ,0.02 
3/20,0.03 ,0.00 ,0.04 ,0.05 ,0.00 ,0.03 ,0.04 ,0.05 ,0.02 ,0.05 ,0.03 ,0.01 ,0.01 ,0.01 ,0.06 ,0.00 ,0.04 ,0.04 ,0.04 ,0.04 ,0.00 ,0.06 ,0.04 ,0.00 ,0.04 
3/27,0.00 ,0.01 ,0.04 ,0.04 ,0.00 ,0.03 ,0.01 ,0.04 ,0.03 ,0.08 ,0.05 ,0.02 ,0.01 ,0.02 ,0.05 ,0.00 ,0.06 ,0.02 ,0.04 ,0.03 ,0.04 ,0.06 ,0.04 ,0.00 ,0.04 
4/3,0.04 ,0.00 ,0.03 ,0.02 ,0.00 ,0.06 ,0.03 ,0.01 ,0.02 ,0.10 ,0.05 ,0.04 ,0.04 ,0.00 ,0.07 ,-0.01 ,0.01 ,0.00 ,0.05 ,0.04 ,0.01 ,0.06 ,0.05 ,-0.01 ,0.05 
4/10,0.02 ,0.05 ,0.04 ,0.04 ,0.03 ,0.07 ,0.03 ,0.00 ,0.00 ,0.03 ,0.03 ,0.01 ,0.00 ,0.02 ,0.07 ,0.03 ,0.05 ,0.00 ,0.02 ,0.06 ,0.03 ,0.07 ,0.07 ,0.04 ,0.05 
4/17,0.03 ,0.04 ,0.02 ,0.04 ,0.03 ,0.06 ,0.03 ,0.03 ,0.00 ,0.07 ,0.05 ,0.02 ,0.00 ,0.06 ,0.07 ,0.06 ,0.07 ,0.03 ,0.05 ,0.00 ,0.05 ,0.07 ,0.07 ,0.04 ,0.06 
4/24,0.01 ,0.06 ,0.05 ,0.00 ,0.06 ,0.06 ,0.02 ,0.03 ,0.04 ,0.03 ,0.04 ,0.05 ,0.03 ,0.05 ,0.09 ,0.09 ,0.06 ,0.05 ,0.07 ,0.00 ,0.06 ,0.08 ,0.07 ,0.03 ,0.08 
5/8,0.03 ,0.09 ,0.06 ,0.06 ,0.06 ,0.06 ,0.03 ,0.04 ,0.00 ,0.09 ,0.03 ,0.02 ,0.02 ,0.00 ,0.10 ,0.10 ,0.09 ,0.03 ,0.08 ,0.03 ,0.04 ,0.10 ,0.10 ,0.05 ,0.08 
5/15,0.02 ,0.05 ,0.03 ,0.03 ,0.02 ,0.06 ,0.03 ,0.04 ,0.04 ,0.07 ,0.00 ,0.05 ,0.01 ,0.06 ,0.08 ,0.07 ,0.05 ,0.04 ,0.08 ,0.02 ,0.06 ,0.08 ,0.08 ,0.10 ,0.09 
5/22,0.04 ,0.10 ,0.06 ,0.08 ,0.05 ,0.12 ,0.06 ,0.07 ,0.04 ,0.11 ,0.04 ,0.10 ,0.05 ,0.04 ,0.16 ,0.12 ,0.08 ,0.06 ,0.10 ,0.04 ,0.09 ,0.11 ,0.11 ,0.11 ,0.09 
5/29,0.05 ,0.09 ,0.08 ,0.04 ,0.04 ,0.16 ,0.12 ,0.12 ,0.09 ,0.13 ,0.07 ,0.11 ,0.03 ,0.11 ,0.22 ,0.19 ,0.13 ,0.09 ,0.13 ,0.10 ,0.11 ,0.23 ,0.18 ,0.19 ,0.18 
6/5,0.16 ,0.39 ,0.34 ,0.15 ,0.02 ,0.35 ,0.06 ,0.31 ,0.04 ,0.35 ,0.12 ,0.06 ,0.19 ,0.13 ,0.59 ,0.67 ,0.33 ,0.11 ,0.26 ,0.31 ,0.30 ,0.51 ,0.30 ,0.17 ,0.31 
6/12,0.09 ,0.90 ,0.58 ,0.36 ,0.30 ,0.26 ,0.01 ,1.09 ,0.09 ,0.39 ,0.21 ,0.04 ,0.09 ,0.27 ,0.15 ,0.65 ,0.41 ,0.32 ,0.05 ,0.44 ,0.64 ,0.06 ,0.11 ,0.36 ,0.22 
6/19,0.04 ,0.09 ,0.45 ,0.25 ,0.28 ,0.17 ,0.12 ,0.15 ,0.17 ,0.23 ,0.29 ,0.12 ,0.04 ,0.09 ,0.11 ,0.20 ,0.33 ,0.16 ,0.33 ,0.39 ,0.54 ,0.20 ,0.09 ,0.21 ,0.31 
6/26,0.05 ,0.09 ,0.45 ,0.28 ,0.28 ,0.26 ,0.09 ,0.15 ,0.14 ,0.18 ,0.07 ,0.10 ,0.07 ,0.25 ,0.24 ,0.35 ,0.33 ,0.26 ,0.15 ,0.26 ,0.21 ,0.23 ,0.08 ,0.17 ,0.20 
7/3,0.20 ,0.19 ,0.27 ,0.24 ,0.02 ,0.24 ,0.19 ,0.32 ,0.05 ,0.15 ,0.01 ,0.00 ,0.08 ,0.02 ,0.15 ,0.17 ,0.13 ,0.17 ,0.19 ,0.02 ,0.20 ,0.19 ,0.12 ,0.09 ,0.17 
7/10,0.01 ,0.22 ,0.33 ,0.34 ,0.11 ,0.25 ,0.20 ,0.29 ,0.19 ,0.21 ,0.07 ,0.04 ,0.10 ,0.18 ,0.25 ,0.31 ,0.30 ,0.22 ,0.23 ,0.15 ,0.27 ,0.25 ,0.20 ,0.19 ,0.26 
7/17,0.21 ,0.25 ,0.35 ,0.37 ,0.19 ,0.18 ,0.24 ,0.21 ,0.04 ,0.27 ,0.22 ,0.23 ,0.14 ,0.19 ,0.27 ,0.27 ,0.29 ,0.25 ,0.28 ,0.13 ,0.30 ,0.28 ,0.24 ,0.25 ,0.32 
7/24,0.22 ,0.32 ,0.36 ,0.31 ,0.17 ,0.25 ,0.20 ,0.30 ,0.20 ,0.30 ,0.12 ,0.13 ,0.22 ,0.21 ,0.28 ,0.30 ,0.35 ,0.30 ,0.22 ,0.12 ,0.36 ,0.36 ,0.36 ,0.34 ,0.37 
7/31,0.11 ,0.47 ,0.49 ,0.49 ,0.43 ,0.57 ,0.26 ,0.20 ,0.24 ,0.40 ,0.04 ,0.15 ,0.07 ,0.24 ,0.36 ,0.54 ,0.28 ,0.67 ,0.15 ,0.30 ,0.50 ,0.53 ,0.45 ,0.17 ,0.34 
8/7,0.18 ,0.13 ,0.03 ,0.18 ,0.09 ,0.15 ,0.01 ,0.08 ,0.04 ,0.12 ,0.04 ,0.09 ,0.13 ,0.02 ,0.06 ,0.08 ,0.11 ,0.01 ,0.17 ,0.07 ,0.07 ,0.00 ,0.05 ,0.09 ,0.11 
8/14,0.15 ,0.13 ,-0.01 ,0.05 ,0.09 ,0.16 ,0.00 ,0.00 ,0.03 ,0.10 ,0.06 ,0.00 ,0.09 ,0.06 ,-0.01 ,0.02 ,0.09 ,0.09 ,0.06 ,0.10 ,0.05 ,-0.01 ,0.01 ,0.07 ,0.09 
8/21,0.11 ,0.14 ,-0.01 ,0.02 ,0.10 ,0.16 ,0.10 ,0.06 ,0.05 ,0.12 ,0.08 ,0.02 ,0.07 ,0.07 ,-0.02 ,0.05 ,0.07 ,0.04 ,0.11 ,0.00 ,0.06 ,-0.01 ,-0.04 ,0.07 ,0.03 
8/28,0.16 ,0.08 ,-0.01 ,0.03 ,0.08 ,0.05 ,0.08 ,0.08 ,0.06 ,0.10 ,0.02 ,0.08 ,0.04 ,0.10 ,0.00 ,0.05 ,0.04 ,0.01 ,0.03 ,0.12 ,0.05 ,-0.01 ,-0.04 ,0.03 ,0.07 
9/4,0.02 ,0.12 ,-0.02 ,0.03 ,0.02 ,0.10 ,0.01 ,0.06 ,0.04 ,0.09 ,0.00 ,0.10 ,0.07 ,0.05 ,-0.02 ,0.05 ,0.05 ,0.03 ,0.12 ,0.13 ,0.06 ,0.00 ,-0.03 ,0.01 ,0.00 
9/11,0.05 ,0.17 ,-0.03 ,0.01 ,0.14 ,0.12 ,0.03 ,0.08 ,0.01 ,0.10 ,0.08 ,0.12 ,0.03 ,0.07 ,0.00 ,0.03 ,0.05 ,0.09 ,0.04 ,0.04 ,0.06 ,0.00 ,0.04 ,0.07 ,0.07 
9/18,0.13 ,0.19 ,-0.01 ,0.10 ,0.12 ,0.13 ,0.15 ,0.11 ,0.08 ,0.02 ,0.03 ,0.16 ,0.08 ,0.18 ,0.08 ,0.14 ,0.03 ,0.05 ,0.11 ,0.15 ,0.12 ,0.04 ,0.11 ,0.00 ,0.07 
9/25,0.04 ,0.18 ,0.05 ,0.17 ,0.05 ,0.09 ,0.19 ,0.14 ,0.10 ,0.10 ,0.06 ,0.22 ,0.17 ,0.20 ,0.11 ,0.15 ,0.05 ,0.17 ,0.11 ,0.08 ,0.10 ,0.05 ,0.16 ,0.13 ,0.15 
10/9,0.03 ,0.26 ,0.07 ,0.02 ,0.04 ,0.07 ,0.05 ,0.23 ,0.15 ,0.04 ,0.02 ,0.00 ,0.21 ,0.06 ,0.15 ,0.16 ,0.00 ,0.03 ,0.10 ,0.23 ,0.06 ,0.14 ,0.21 ,0.01 ,0.20 
10/16,0.05 ,0.20 ,0.08 ,0.03 ,0.15 ,0.16 ,0.13 ,0.25 ,0.10 ,0.22 ,0.00 ,0.12 ,0.23 ,0.10 ,0.19 ,0.17 ,0.10 ,0.08 ,0.08 ,0.19 ,0.18 ,0.14 ,0.34 ,0.11 ,0.24 
10/23,0.17 ,0.38 ,0.03 ,0.03 ,0.16 ,0.20 ,0.25 ,0.26 ,0.09 ,0.20 ,0.01 ,0.00 ,0.07 ,0.04 ,0.31 ,0.21 ,0.09 ,0.10 ,0.09 ,0.01 ,0.06 ,0.07 ,0.36 ,0.10 ,0.21 
10/30,0.12 ,0.35 ,0.09 ,0.04 ,0.18 ,0.16 ,0.10 ,0.26 ,0.09 ,0.10 ,0.10 ,0.14 ,0.06 ,0.14 ,0.18 ,0.25 ,0.09 ,0.05 ,0.07 ,0.24 ,0.04 ,0.15 ,0.29 ,0.08 ,0.15 
11/6,0.11 ,0.30 ,0.04 ,0.27 ,0.03 ,0.28 ,0.17 ,0.37 ,0.18 ,0.05 ,0.29 ,0.07 ,0.22 ,0.11 ,0.18 ,0.30 ,0.08 ,0.12 ,0.02 ,0.01 ,0.07 ,0.10 ,0.30 ,0.30 ,0.12 
11/13,0.03 ,0.36 ,0.06 ,0.07 ,0.02 ,0.25 ,0.24 ,0.23 ,0.10 ,0.17 ,0.03 ,0.06 ,0.10 ,0.03 ,0.39 ,0.06 ,0.08 ,0.05 ,0.01 ,0.18 ,0.15 ,0.16 ,0.25 ,0.32 ,0.26 
11/20,0.11 ,0.27 ,0.05 ,0.06 ,0.03 ,0.27 ,0.12 ,0.20 ,0.10 ,0.11 ,0.04 ,0.18 ,0.14 ,0.05 ,0.26 ,0.13 ,0.09 ,0.09 ,0.01 ,0.29 ,0.04 ,0.19 ,0.23 ,0.42 ,0.32 
11/27,0.10 ,0.31 ,0.07 ,0.03 ,0.10 ,0.15 ,0.20 ,0.27 ,0.05 ,0.12 ,0.01 ,0.02 ,0.10 ,0.01 ,0.29 ,0.23 ,0.06 ,0.02 ,0.07 ,0.35 ,0.16 ,0.18 ,0.35 ,0.19 ,0.27 
12/4,0.03 ,0.29 ,0.04 ,0.23 ,0.06 ,0.12 ,0.09 ,0.36 ,0.16 ,0.13 ,0.00 ,0.06 ,0.00 ,0.09 ,0.36 ,0.11 ,0.05 ,0.05 ,0.03 ,0.21 ,0.15 ,0.32 ,0.38 ,0.31 ,0.14 
12/11,0.01 ,0.12 ,0.03 ,0.08 ,0.14 ,0.35 ,0.17 ,0.42 ,0.04 ,0.16 ,0.00 ,0.21 ,0.05 ,0.10 ,0.32 ,0.16 ,0.01 ,0.06 ,0.06 ,0.24 ,0.23 ,0.12 ,0.34 ,0.34 ,0.18 
12/18,0.04 ,0.28 ,0.02 ,0.06 ,0.01 ,0.20 ,0.06 ,0.29 ,0.05 ,0.11 ,0.01 ,0.25 ,0.08 ,0.11 ,0.38 ,0.30 ,0.06 ,0.03 ,0.06 ,0.06 ,0.06 ,0.16 ,0.47 ,0.39 ,0.14 
12/25,0.05 ,0.23 ,0.06 ,0.06 ,0.16 ,0.24 ,0.02 ,0.32 ,0.07 ,0.11 ,0.00 ,0.00 ,0.03 ,0.12 ,0.37 ,0.26 ,0.06 ,0.05 ,0.05 ,0.29 ,0.26 ,0.17 ,0.39 ,0.36 ,0.21 
18/1/1,0.00 ,0.13 ,0.02 ,0.03 ,0.00 ,0.24 ,0.03 ,0.40 ,0.29 ,0.15 ,0.00 ,0.17 ,0.00 ,0.12 ,0.35 ,0.33 ,0.14 ,0.00 ,0.01 ,0.03 ,0.20 ,0.23 ,0.48 ,0.30 ,0.11 
1/8,0.06 ,0.37 ,0.04 ,0.25 ,0.15 ,0.36 ,0.13 ,0.55 ,0.17 ,0.29 ,0.15 ,0.24 ,0.18 ,0.09 ,0.81 ,0.39 ,0.06 ,0.24 ,0.15 ,0.00 ,0.29 ,0.15 ,0.56 ,0.43 ,0.19 
1/15,0.00 ,0.55 ,0.02 ,0.07 ,0.42 ,0.26 ,0.03 ,0.50 ,0.12 ,0.49 ,0.00 ,0.00 ,0.12 ,0.05 ,0.53 ,0.57 ,0.23 ,0.11 ,0.18 ,0.00 ,0.31 ,0.32 ,0.75 ,0.39 ,0.30 
1/22,0.20 ,0.57 ,0.24 ,0.16 ,0.24 ,0.40 ,0.25 ,0.62 ,0.10 ,0.63 ,0.06 ,0.13 ,0.32 ,0.10 ,0.67 ,0.29 ,0.14 ,0.22 ,0.09 ,0.17 ,0.20 ,0.34 ,0.80 ,0.65 ,0.56 
1/29,0.05 ,0.40 ,0.08 ,0.03 ,0.28 ,0.41 ,0.00 ,0.74 ,0.12 ,0.24 ,0.08 ,0.02 ,0.21 ,0.15 ,0.78 ,0.26 ,0.13 ,0.07 ,0.02 ,0.00 ,0.28 ,0.25 ,0.88 ,0.20 ,0.06 
2/5,0.11 ,0.53 ,0.12 ,0.10 ,0.39 ,0.21 ,0.17 ,0.57 ,0.10 ,0.34 ,0.02 ,0.07 ,0.12 ,0.23 ,0.62 ,0.61 ,0.07 ,0.11 ,0.12 ,0.00 ,0.28 ,0.34 ,0.85 ,0.47 ,0.37 
2/19,0.06 ,0.81 ,0.30 ,0.11 ,0.40 ,0.36 ,0.54 ,0.90 ,0.31 ,0.79 ,0.37 ,0.33 ,0.38 ,0.24 ,0.91 ,0.92 ,0.15 ,0.09 ,0.04 ,0.06 ,0.33 ,0.51 ,0.60 ,0.33 ,0.31 
2/26,0.28 ,0.54 ,0.06 ,0.27 ,0.43 ,0.07 ,0.34 ,0.79 ,0.32 ,0.63 ,0.19 ,0.22 ,0.11 ,0.23 ,0.28 ,0.46 ,0.16 ,0.16 ,0.21 ,0.16 ,0.49 ,0.38 ,0.44 ,0.13 ,0.30 
3/5,0.10 ,0.32 ,0.21 ,0.14 ,0.24 ,0.36 ,0.36 ,0.45 ,0.25 ,0.34 ,0.09 ,0.17 ,0.28 ,0.29 ,0.52 ,0.42 ,0.22 ,0.24 ,0.05 ,0.10 ,0.21 ,0.38 ,0.41 ,0.17 ,0.33 
3/12,0.04 ,0.26 ,0.20 ,0.04 ,0.31 ,0.26 ,0.11 ,0.31 ,0.30 ,0.26 ,0.10 ,0.36 ,0.25 ,0.18 ,0.46 ,0.37 ,0.20 ,0.15 ,0.15 ,0.00 ,0.36 ,0.17 ,0.23 ,0.12 ,0.22 
3/19,0.09 ,0.21 ,0.08 ,0.26 ,0.35 ,0.07 ,0.24 ,0.21 ,0.30 ,0.42 ,0.23 ,0.00 ,0.05 ,0.22 ,0.35 ,0.28 ,0.17 ,0.30 ,0.17 ,0.00 ,0.12 ,0.18 ,0.37 ,0.09 ,0.38 
3/26,0.15 ,0.18 ,0.17 ,0.05 ,0.08 ,0.37 ,0.11 ,0.11 ,0.22 ,0.43 ,0.03 ,0.00 ,0.19 ,0.05 ,0.30 ,0.23 ,0.13 ,0.10 ,0.17 ,0.12 ,0.25 ,0.17 ,0.36 ,0.08 ,0.25 
4/2,0.01 ,0.11 ,0.07 ,0.23 ,0.25 ,0.10 ,0.09 ,0.09 ,0.12 ,0.06 ,0.13 ,0.18 ,0.17 ,0.15 ,0.30 ,0.16 ,0.17 ,0.23 ,0.22 ,0.03 ,0.16 ,0.17 ,0.21 ,0.05 ,0.22 
4/9,0.07 ,0.10 ,0.06 ,0.07 ,0.15 ,0.19 ,0.27 ,0.13 ,0.14 ,0.16 ,0.18 ,0.36 ,0.07 ,0.03 ,0.18 ,0.10 ,0.04 ,0.08 ,0.03 ,0.00 ,0.23 ,0.01 ,0.08 ,0.06 ,0.30 
4/16,0.09 ,0.08 ,0.11 ,0.04 ,0.18 ,0.20 ,0.17 ,0.12 ,0.14 ,0.02 ,0.15 ,0.06 ,0.07 ,0.14 ,0.14 ,0.09 ,0.19 ,0.03 ,0.11 ,0.05 ,0.36 ,0.04 ,0.05 ,0.10 ,0.26 
4/23,0.14 ,0.05 ,0.07 ,0.21 ,0.14 ,0.18 ,0.01 ,0.05 ,0.19 ,0.20 ,0.10 ,0.05 ,0.07 ,0.10 ,0.12 ,0.08 ,0.15 ,0.12 ,0.04 ,0.00 ,0.18 ,0.11 ,0.08 ,0.06 ,0.24 
4/30,0.03 ,0.02 ,0.05 ,0.15 ,0.06 ,0.14 ,0.17 ,0.04 ,0.14 ,0.09 ,0.09 ,0.11 ,0.07 ,0.02 ,0.16 ,0.16 ,0.07 ,0.22 ,0.10 ,0.02 ,0.24 ,0.01 ,0.07 ,0.07 ,0.24 
5/7,0.01 ,0.05 ,0.05 ,0.24 ,0.03 ,0.14 ,0.20 ,0.04 ,0.18 ,0.20 ,0.12 ,0.19 ,0.10 ,0.06 ,0.14 ,0.01 ,0.04 ,0.02 ,0.01 ,0.06 ,0.19 ,0.00 ,0.09 ,0.07 ,0.20 
5/14,0.07 ,0.04 ,0.03 ,0.27 ,0.03 ,0.04 ,0.22 ,0.07 ,0.06 ,0.17 ,0.19 ,0.03 ,0.04 ,0.02 ,0.14 ,0.05 ,0.11 ,0.09 ,0.09 ,0.07 ,0.20 ,0.07 ,0.04 ,0.06 ,0.10 
5/21,0.06 ,-0.03 ,0.05 ,0.07 ,0.18 ,0.13 ,0.09 ,0.12 ,0.11 ,0.08 ,0.09 ,0.00 ,0.11 ,0.02 ,0.10 ,0.05 ,0.04 ,0.13 ,0.08 ,0.15 ,0.23 ,0.02 ,0.06 ,0.14 ,0.16 
5/28,0.19 ,0.01 ,0.04 ,0.14 ,0.06 ,0.15 ,0.28 ,0.03 ,0.18 ,0.13 ,0.26 ,0.11 ,0.22 ,0.00 ,0.03 ,0.16 ,0.13 ,0.25 ,0.19 ,0.15 ,0.27 ,-0.02 ,0.06 ,0.09 ,0.30 
6/4,0.20 ,0.03 ,0.03 ,0.03 ,0.09 ,0.23 ,0.30 ,0.04 ,0.14 ,0.09 ,0.09 ,0.34 ,0.13 ,0.00 ,0.11 ,0.16 ,0.12 ,0.26 ,0.25 ,0.11 ,0.26 ,-0.02 ,0.00 ,-0.03 ,0.23 
6/11,0.05 ,-0.01 ,-0.01 ,0.02 ,0.25 ,0.11 ,0.17 ,0.07 ,0.14 ,0.15 ,0.24 ,0.00 ,0.04 ,0.03 ,0.04 ,0.12 ,0.05 ,0.22 ,0.21 ,0.02 ,0.17 ,0.00 ,-0.01 ,0.01 ,0.18 
6/18,0.01 ,0.06 ,0.05 ,0.03 ,0.02 ,0.15 ,0.20 ,0.01 ,0.08 ,0.16 ,0.10 ,0.19 ,0.06 ,0.13 ,0.05 ,0.17 ,0.13 ,0.12 ,0.17 ,0.07 ,0.19 ,-0.02 ,0.00 ,0.07 ,0.17 
6/25,0.06 ,0.06 ,0.05 ,0.04 ,0.14 ,0.18 ,0.11 ,0.07 ,0.16 ,0.13 ,0.06 ,0.00 ,0.06 ,0.11 ,0.06 ,0.01 ,0.15 ,0.21 ,0.14 ,0.09 ,0.15 ,0.00 ,-0.02 ,0.06 ,0.12 
7/2,0.10 ,0.02 ,0.07 ,0.13 ,0.20 ,0.19 ,0.24 ,0.08 ,0.21 ,0.06 ,0.18 ,0.11 ,0.07 ,0.10 ,0.00 ,0.09 ,0.15 ,0.18 ,0.25 ,0.03 ,0.25 ,0.00 ,-0.03 ,0.00 ,0.23 
7/9,0.00 ,0.07 ,0.17 ,0.01 ,0.13 ,0.16 ,0.09 ,0.06 ,0.25 ,0.27 ,0.23 ,0.02 ,0.05 ,0.24 ,0.08 ,0.15 ,0.08 ,0.26 ,0.27 ,0.12 ,0.25 ,0.01 ,-0.02 ,0.16 ,0.26 
7/16,0.01 ,0.12 ,0.05 ,0.16 ,0.18 ,0.31 ,0.22 ,0.00 ,0.21 ,0.15 ,0.03 ,0.06 ,0.35 ,0.07 ,0.04 ,0.11 ,0.17 ,0.30 ,0.22 ,0.06 ,0.18 ,0.01 ,0.01 ,0.19 ,0.31 
7/23,0.13 ,0.07 ,0.21 ,0.11 ,0.17 ,0.26 ,0.15 ,0.16 ,0.17 ,0.34 ,0.28 ,0.00 ,0.07 ,0.00 ,0.28 ,0.14 ,0.28 ,0.29 ,0.23 ,0.03 ,0.33 ,0.11 ,0.10 ,0.29 ,0.41 
7/30,0.05 ,0.10 ,0.23 ,0.08 ,0.07 ,0.43 ,0.33 ,0.13 ,0.31 ,0.44 ,0.34 ,0.00 ,0.01 ,0.08 ,0.15 ,0.17 ,0.26 ,0.68 ,0.31 ,0.06 ,0.36 ,0.13 ,0.15 ,0.27 ,0.51 
8/6,0.09 ,0.10 ,0.25 ,0.45 ,0.22 ,0.50 ,0.28 ,0.06 ,0.22 ,0.30 ,0.25 ,0.10 ,0.25 ,0.05 ,0.22 ,0.25 ,0.26 ,0.31 ,0.33 ,0.29 ,0.29 ,0.23 ,0.22 ,0.52 ,0.57 
8/13,0.18 ,0.11 ,0.33 ,0.51 ,0.20 ,0.46 ,0.51 ,0.21 ,0.44 ,0.48 ,0.65 ,0.23 ,0.43 ,0.27 ,0.65 ,0.38 ,0.70 ,0.67 ,0.48 ,0.49 ,0.72 ,0.57 ,0.28 ,0.60 ,0.22 
8/20,0.87 ,0.40 ,0.60 ,0.59 ,0.96 ,0.67 ,0.31 ,0.40 ,0.60 ,1.72 ,0.73 ,0.93 ,0.27 ,0.60 ,0.66 ,0.65 ,0.78 ,0.76 ,1.05 ,0.47 ,0.73 ,1.08 ,0.29 ,0.82 ,1.36 
8/27,1.21 ,0.97 ,0.95 ,1.19 ,1.18 ,1.12 ,0.80 ,0.96 ,1.08 ,1.21 ,0.75 ,0.44 ,0.90 ,0.65 ,0.88 ,0.99 ,0.83 ,0.79 ,0.59 ,0.58 ,1.14 ,0.67 ,0.74 ,1.37 ,0.66 
9/3,1.55 ,0.36 ,1.10 ,1.01 ,0.93 ,0.58 ,0.83 ,0.62 ,0.94 ,0.52 ,0.43 ,0.22 ,0.66 ,0.65 ,0.79 ,0.41 ,1.16 ,0.82 ,1.37 ,0.78 ,1.21 ,1.29 ,0.80 ,1.55 ,1.35 
9/10,1.79 ,1.12 ,1.78 ,1.61 ,1.24 ,1.16 ,0.79 ,1.44 ,0.99 ,0.46 ,0.58 ,0.48 ,0.34 ,0.79 ,0.73 ,1.11 ,0.98 ,1.19 ,1.79 ,1.49 ,1.26 ,1.07 ,1.17 ,1.54 ,1.03 
9/17,0.95 ,0.76 ,1.10 ,0.98 ,0.77 ,0.50 ,0.74 ,0.73 ,0.79 ,0.23 ,0.76 ,0.69 ,0.71 ,0.44 ,0.22 ,0.45 ,0.88 ,0.58 ,0.71 ,1.00 ,0.64 ,0.54 ,0.51 ,0.97 ,0.71 
10/1,0.51 ,0.30 ,0.51 ,0.55 ,0.28 ,0.48 ,0.54 ,0.36 ,0.75 ,0.35 ,0.65 ,0.06 ,0.41 ,0.49 ,0.26 ,0.62 ,0.56 ,0.70 ,0.77 ,0.58 ,0.50 ,0.29 ,0.60 ,0.45 ,0.43 
10/8,0.37 ,0.17 ,0.48 ,0.42 ,0.56 ,0.28 ,0.54 ,0.13 ,0.26 ,0.33 ,0.44 ,0.27 ,0.19 ,0.38 ,0.16 ,0.55 ,0.40 ,0.51 ,0.45 ,0.29 ,0.41 ,0.38 ,0.42 ,0.38 ,0.37 
10/15,0.27 ,0.32 ,0.30 ,0.31 ,0.48 ,0.48 ,0.28 ,0.23 ,0.42 ,0.20 ,0.38 ,0.24 ,0.30 ,0.30 ,0.09 ,0.17 ,0.13 ,0.30 ,0.28 ,0.30 ,0.22 ,0.16 ,0.18 ,0.32 ,0.36 
10/22,0.02 ,0.08 ,0.23 ,0.27 ,0.09 ,0.09 ,0.14 ,0.19 ,0.18 ,0.18 ,0.27 ,0.27 ,0.08 ,0.04 ,0.06 ,0.05 ,0.07 ,0.13 ,0.22 ,0.17 ,0.13 ,0.00 ,0.04 ,0.16 ,0.21 
10/29,0.12 ,0.05 ,0.15 ,0.23 ,0.26 ,0.10 ,0.13 ,0.10 ,0.09 ,0.07 ,0.12 ,0.06 ,0.10 ,0.09 ,0.01 ,0.10 ,0.05 ,0.13 ,0.04 ,0.19 ,0.18 ,0.02 ,0.02 ,0.15 ,0.20 
11/5,0.15 ,0.13 ,0.12 ,0.21 ,0.17 ,0.00 ,0.08 ,0.10 ,0.07 ,0.07 ,0.07 ,0.10 ,0.09 ,0.11 ,0.02 ,0.18 ,0.11 ,0.06 ,0.14 ,0.11 ,0.16 ,0.00 ,0.02 ,0.04 ,0.13 
11/12,0.13 ,0.03 ,0.13 ,0.08 ,0.05 ,0.05 ,0.10 ,0.02 ,0.13 ,0.04 ,0.12 ,0.19 ,0.08 ,0.10 ,0.01 ,0.02 ,0.11 ,0.05 ,0.08 ,0.11 ,0.07 ,0.00 ,0.00 ,0.11 ,0.12 
11/19,0.00 ,0.02 ,0.05 ,0.06 ,0.07 ,0.09 ,0.06 ,0.05 ,0.09 ,0.05 ,0.10 ,0.14 ,0.00 ,0.17 ,-0.01 ,0.04 ,0.04 ,0.08 ,0.06 ,0.00 ,0.11 ,0.00 ,0.00 ,0.05 ,0.13 
11/26,0.00 ,0.00 ,0.06 ,0.10 ,0.04 ,0.03 ,0.04 ,0.08 ,0.06 ,0.00 ,0.05 ,0.02 ,0.00 ,0.00 ,-0.04 ,0.00 ,0.02 ,0.05 ,0.07 ,0.00 ,0.16 ,0.00 ,-0.04 ,0.01 ,0.09 
12/3,0.00 ,0.02 ,0.01 ,0.13 ,0.00 ,0.02 ,0.05 ,0.09 ,0.04 ,0.00 ,0.05 ,0.09 ,0.03 ,0.05 ,-0.07 ,0.00 ,0.00 ,0.03 ,0.05 ,0.02 ,0.10 ,-0.05 ,-0.01 ,0.03 ,0.10 
12/10,0.04 ,0.00 ,0.05 ,-0.04 ,0.02 ,-0.01 ,0.04 ,0.01 ,0.02 ,0.00 ,0.00 ,0.04 ,0.09 ,0.00 ,-0.02 ,0.00 ,0.00 ,0.00 ,0.00 ,0.02 ,0.05 ,-0.02 ,-0.04 ,-0.02 ,0.05 
12/17,0.00 ,0.03 ,0.03 ,0.00 ,0.00 ,0.00 ,0.04 ,0.00 ,0.03 ,0.02 ,0.02 ,0.04 ,0.00 ,0.03 ,-0.04 ,0.00 ,0.02 ,0.01 ,0.00 ,0.00 ,0.01 ,-0.02 ,-0.02 ,-0.01 ,0.02 
12/24,0.03 ,0.03 ,0.02 ,0.04 ,0.00 ,-0.01 ,0.03 ,0.00 ,0.00 ,0.04 ,0.04 ,0.04 ,0.00 ,0.07 ,-0.10 ,-0.01 ,0.06 ,0.00 ,0.03 ,0.00 ,0.00 ,0.00 ,-0.21 ,-0.01 ,0.02 
12/31,0.00 ,0.02 ,-0.01 ,0.03 ,0.00 ,-0.02 ,0.00 ,0.01 ,0.00 ,-0.07 ,0.00 ,0.00 ,0.00 ,0.02 ,-0.01 ,0.00 ,0.02 ,0.00 ,0.03 ,0.00 ,0.02 ,0.00 ,0.00 ,0.00 ,0.01 
19/1/7,0.01 ,-0.03 ,0.00 ,0.07 ,-0.01 ,-0.01 ,0.04 ,0.00 ,-0.01 ,0.00 ,-0.02 ,0.00 ,0.00 ,0.00 ,-0.10 ,0.00 ,0.00 ,0.01 ,0.00 ,0.00 ,0.02 ,0.00 ,-0.08 ,-0.03 ,0.00 
1/14,0.00 ,0.02 ,-0.01 ,0.03 ,0.00 ,-0.02 ,0.00 ,0.01 ,0.00 ,-0.07 ,0.00 ,0.00 ,0.00 ,0.02 ,-0.01 ,0.00 ,0.02 ,0.00 ,0.03 ,0.00 ,0.02 ,0.00 ,0.00 ,0.00 ,0.01 
1/21,0.01 ,-0.03 ,0.00 ,0.07 ,-0.01 ,-0.01 ,0.04 ,0.00 ,-0.01 ,0.00 ,-0.02 ,0.00 ,0.00 ,0.00 ,-0.10 ,0.00 ,0.00 ,0.01 ,0.00 ,0.00 ,0.02 ,0.00 ,-0.08 ,-0.03 ,0.00 
1/28,0.06 ,0.00 ,-0.02 ,0.06 ,0.00 ,0.01 ,0.00 ,0.00 ,-0.02 ,0.00 ,0.00 ,0.02 ,0.00 ,0.01 ,-0.18 ,-0.07 ,0.00 ,0.00 ,0.01 ,0.00 ,0.03 ,-0.01 ,-0.01 ,-0.04 ,0.07 
2/11,0.01 ,0.00 ,0.00 ,0.00 ,0.00 ,0.00 ,0.00 ,0.00 ,-0.04 ,0.00 ,0.00 ,0.01 ,0.00 ,0.07 ,-0.17 ,-0.02 ,0.00 ,0.00 ,0.05 ,0.00 ,0.06 ,-0.03 ,-0.08 ,-0.02 ,0.02 
2/18,0.02 ,0.00 ,-0.04 ,0.00 ,-0.02 ,-0.06 ,0.00 ,0.00 ,-0.08 ,0.00 ,-0.02 ,0.00 ,0.00 ,0.00 ,-0.12 ,-0.03 ,-0.03 ,0.00 ,0.03 ,0.00 ,-0.02 ,-0.05 ,-0.10 ,0.00 ,-0.05 
2/25,-0.01 ,0.00 ,0.00 ,-0.01 ,0.00 ,-0.05 ,0.03 ,-0.01 ,-0.02 ,-0.03 ,0.00 ,0.00 ,-0.13 ,0.00 ,-0.17 ,-0.15 ,0.00 ,-0.02 ,0.02 ,0.00 ,0.00 ,-0.05 ,-0.15 ,-0.03 ,-0.08 
3/4,0.00 ,0.00 ,0.00 ,0.00 ,-0.07 ,-0.02 ,0.00 ,0.00 ,-0.01 ,-0.04 ,0.00 ,0.00 ,-0.03 ,0.00 ,-0.22 ,-0.12 ,0.00 ,-0.09 ,0.00 ,0.00 ,-0.02 ,-0.04 ,-0.10 ,-0.03 ,0.00 
3/11,-0.05 ,-0.01 ,0.00 ,-0.02 ,0.00 ,-0.01 ,0.01 ,-0.01 ,-0.06 ,0.00 ,0.00 ,0.00 ,0.00 ,0.00 ,-0.31 ,-0.07 ,-0.03 ,-0.01 ,0.02 ,0.01 ,0.00 ,-0.09 ,-0.08 ,-0.05 ,-0.05 
3/18,0.03 ,-0.02 ,0.00 ,0.00 ,0.00 ,-0.03 ,0.00 ,-0.03 ,-0.20 ,0.01 ,0.00 ,0.00 ,0.00 ,-0.02 ,-0.04 ,-0.10 ,-0.04 ,-0.01 ,0.00 ,0.00 ,0.00 ,-0.11 ,-0.07 ,-0.03 ,-0.02 